FEOW_ID,PRV_WSHD_I,NHN_TWS_ID
107,AB-02010101,NA
107,AB-02010102,NA
107,AB-02010103,NA
142,AB-02020101,NA
142,AB-02020102,NA
142,AB-02020103,NA
142,AB-02020104,NA
142,AB-02020201,NA
142,AB-02020202,NA
142,AB-02020203,NA
107,AB-04010101,NA
107,AB-04010102,NA
107,AB-04010103,NA
107,AB-04010104,NA
107,AB-04010105,NA
107,AB-04010201,NA
107,AB-04010301,NA
107,AB-04010302,NA
107,AB-04010303,NA
107,AB-04010401,NA
107,AB-04010402,NA
107,AB-04010501,NA
107,AB-04010502,NA
107,AB-04010503,NA
107,AB-04010504,NA
107,AB-04010505,NA
107,AB-04010601,NA
107,AB-04010602,NA
107,AB-04020101,NA
107,AB-04020201,NA
107,AB-04020301,NA
107,AB-04020401,NA
107,AB-04020501,NA
107,AB-04020601,NA
107,AB-04020701,NA
107,AB-04020801,NA
107,AB-04020802,NA
107,AB-04020803,NA
107,AB-04020901,NA
107,AB-04020902,NA
107,AB-04020903,NA
107,AB-04021001,NA
107,AB-04021101,NA
107,AB-04021102,NA
107,AB-04021201,NA
107,AB-04021202,NA
107,AB-04021301,NA
107,AB-04021302,NA
107,AB-04030101,NA
107,AB-04030201,NA
107,AB-04030202,NA
107,AB-04030301,NA
107,AB-04030401,NA
108,AB-04030501,NA
108,AB-04030601,NA
108,AB-07010101,NA
108,AB-07010102,NA
108,AB-07010103,NA
108,AB-07010104,NA
108,AB-07010105,NA
108,AB-07010106,NA
108,AB-07010107,NA
108,AB-07010108,NA
108,AB-07010109,NA
107,AB-08010101,NA
107,AB-08010102,NA
107,AB-08010103,NA
107,AB-08010104,NA
107,AB-08010201,NA
107,AB-08010202,NA
107,AB-08010203,NA
107,AB-08010301,NA
107,AB-08010302,NA
107,AB-08010303,NA
107,AB-08020101,NA
107,AB-08020102,NA
107,AB-08020103,NA
107,AB-08020201,NA
107,AB-08020202,NA
107,AB-08020203,NA
107,AB-08020204,NA
107,AB-08020205,NA
107,AB-08020206,NA
107,AB-08030101,NA
107,AB-08030102,NA
107,AB-08030201,NA
107,AB-08030202,NA
107,AB-08030203,NA
107,AB-08030301,NA
107,AB-08030302,NA
107,AB-08030303,NA
107,AB-08030401,NA
107,AB-08030402,NA
107,AB-08030403,NA
107,AB-08030404,NA
107,AB-08040101,NA
107,AB-09010101,NA
107,AB-09010102,NA
107,AB-09010103,NA
107,AB-09010104,NA
107,AB-09010105,NA
107,AB-09020101,NA
107,AB-09020102,NA
107,AB-09020201,NA
107,AB-09020202,NA
107,AB-09030101,NA
107,AB-09030102,NA
107,AB-09030103,NA
107,AB-09030104,NA
107,AB-09030201,NA
107,AB-09030202,NA
107,AB-11010101,NA
107,AB-11010102,NA
107,AB-11010103,NA
107,AB-11010201,NA
107,AB-11010202,NA
107,AB-11010203,NA
107,AB-11010301,NA
107,AB-11010302,NA
107,AB-11010401,NA
107,AB-11010402,NA
107,AB-11010403,NA
107,AB-11010404,NA
107,AB-11010405,NA
107,AB-11010406,NA
107,AB-11020101,NA
107,AB-11020102,NA
107,AB-11020103,NA
107,AB-11020104,NA
107,AB-11020201,NA
107,AB-11020202,NA
107,AB-11020203,NA
107,AB-11020301,NA
107,AB-11020302,NA
107,AB-11030101,NA
107,AB-11030102,NA
107,AB-11030201,NA
107,AB-11030202,NA
107,AB-11030203,NA
107,AB-11030204,NA
107,AB-11030205,NA
107,AB-11040101,NA
107,AB-11040102,NA
107,AB-11040103,NA
107,AB-11040104,NA
107,AB-11040201,NA
107,AB-11040202,NA
107,AB-11040203,NA
107,AB-11040204,NA
107,AB-11040301,NA
107,AB-11040302,NA
108,AB-12010101,NA
108,AB-12010102,NA
108,AB-12010201,NA
108,AB-12010202,NA
108,AB-12010203,NA
108,AB-12020101,NA
108,AB-12020102,NA
108,AB-12020103,NA
108,AB-12020104,NA
108,AB-12020105,NA
108,AB-12020201,NA
108,AB-12020301,NA
108,AB-12020302,NA
108,AB-13010101,NA
108,AB-15010101,NA
105,AB-16010101,NA
104,AB-17010101,NA
104,AB-17010102,NA
104,AB-17010103,NA
104,AB-17010104,NA
104,AB-17010105,NA
104,AB-17010106,NA
104,AB-17010107,NA
104,AB-17010201,NA
104,AB-17010301,NA
104,AB-17010302,NA
104,AB-17010401,NA
104,AB-17010501,NA
104,AB-17010601,NA
104,AB-17010602,NA
104,AB-17010603,NA
104,AB-17010701,NA
104,AB-17010702,NA
104,AB-17010703,NA
104,AB-17020101,NA
104,AB-17020102,NA
104,AB-17020201,NA
104,AB-17020202,NA
104,AB-17020203,NA
104,AB-17020204,NA
104,AB-17030101,NA
104,AB-17030102,NA
104,AB-17030201,NA
104,AB-17030202,NA
104,AB-17030203,NA
104,AB-17030301,NA
104,AB-17030302,NA
104,AB-17030303,NA
104,AB-17030304,NA
104,AB-17040101,NA
104,AB-17040102,NA
104,AB-17040103,NA
104,AB-17040201,NA
104,AB-17040202,NA
104,AB-17040203,NA
104,AB-17040301,NA
104,AB-17040302,NA
104,AB-17040303,NA
104,AB-17040304,NA
104,AB-17050101,NA
104,AB-17050102,NA
104,AB-17050201,NA
104,AB-17050202,NA
104,AB-17050203,NA
104,AB-17050204,NA
104,AB-17050205,NA
104,AB-17050301,NA
104,AB-17050302,NA
104,AB-17050303,NA
104,AB-17050304,NA
104,AB-17050401,NA
104,AB-17050402,NA
104,AB-17050403,NA
104,AB-17060101,NA
104,AB-17060102,NA
104,AB-17060103,NA
104,AB-17060104,NA
104,AB-17060105,NA
104,AB-17060106,NA
104,AB-17060107,NA
104,AB-17060201,NA
104,AB-17060202,NA
104,AB-17060203,NA
104,AB-17070101,NA
104,AB-17070102,NA
104,AB-17070103,NA
104,AB-17070104,NA
104,AB-17070105,NA
104,AB-17070201,NA
104,AB-17070202,NA
104,AB-17070203,NA
104,AB-17070301,NA
104,AB-17070302,NA
104,AB-17070401,NA
104,AB-17070402,NA
104,AB-17070403,NA
104,AB-18010101,NA
104,AB-18010201,NA
104,AB-18010202,NA
104,AB-18010203,NA
104,AB-18010204,NA
104,AB-18010205,NA
104,AB-18010206,NA
104,AB-18010207,NA
104,AB-18010208,NA
104,AB-18010209,NA
104,AB-18010210,NA
104,AB-18010211,NA
104,AB-18010301,NA
104,AB-18010302,NA
104,AB-18010303,NA
104,AB-18010401,NA
104,AB-18010402,NA
104,AB-18010403,NA
104,AB-18010404,NA
104,AB-18020101,NA
104,AB-18020102,NA
104,AB-18020103,NA
104,AB-18020104,NA
104,AB-18020105,NA
104,AB-18020201,NA
104,AB-18020202,NA
104,AB-18020203,NA
104,AB-18020301,NA
104,AB-18020302,NA
104,AB-18020303,NA
104,AB-18020304,NA
104,AB-18020401,NA
104,AB-18020402,NA
104,AB-18020501,NA
104,AB-18020502,NA
104,AB-18020503,NA
104,AB-18020601,NA
104,AB-18020602,NA
104,AB-18020603,NA
104,AB-18020604,NA
104,AB-18020701,NA
104,AB-18020702,NA
104,AB-18020703,NA
104,AB-18020704,NA
104,AB-18020801,NA
104,AB-18020802,NA
104,AB-18020803,NA
104,AB-18020901,NA
104,AB-18020902,NA
104,AB-18020903,NA
104,AB-18020904,NA
104,AB-18020905,NA
104,AB-18030101,NA
104,AB-18030102,NA
104,AB-18030103,NA
104,AB-18030104,NA
104,AB-18030201,NA
104,AB-18030301,NA
104,AB-18030302,NA
104,AB-18030303,NA
104,AB-18030304,NA
104,AB-18030401,NA
104,AB-18030402,NA
104,AB-18040101,NA
104,AB-18040102,NA
104,AB-18040103,NA
104,AB-18040104,NA
104,AB-18040105,NA
104,AB-18040106,NA
104,AB-18040107,NA
104,AB-18040108,NA
104,AB-18040201,NA
104,AB-18040202,NA
104,AB-18040203,NA
104,AB-18040301,NA
104,AB-18040302,NA
104,AB-18040303,NA
104,AB-18040304,NA
104,AB-18050101,NA
104,AB-18050102,NA
104,AB-18050103,NA
104,AB-18050104,NA
104,AB-18050105,NA
104,AB-18050106,NA
104,AB-18050107,NA
104,AB-18050201,NA
104,AB-18050202,NA
104,AB-18050203,NA
104,AB-18050204,NA
104,AB-18050205,NA
104,AB-18050206,NA
104,AB-18050301,NA
104,AB-18050302,NA
104,AB-18050303,NA
104,AB-18050304,NA
104,AB-18050401,NA
104,AB-18050402,NA
104,AB-18050403,NA
104,AB-18050404,NA
104,AB-18050405,NA
104,AB-18060101,NA
104,AB-18060102,NA
104,AB-18060201,NA
104,AB-18060202,NA
104,AB-18060203,NA
104,AB-18060301,NA
104,AB-18060302,NA
104,AB-18060303,NA
104,AB-18060401,NA
104,AB-18060402,NA
104,AB-18060403,NA
104,AB-18060501,NA
104,AB-18060502,NA
104,AB-18060503,NA
104,AB-18060504,NA
104,AB-19010101,NA
104,AB-19010102,NA
104,AB-19010103,NA
104,AB-19010104,NA
104,AB-19010105,NA
104,AB-19010106,NA
104,AB-19010107,NA
104,AB-19010108,NA
104,AB-19010109,NA
104,AB-19010201,NA
104,AB-19010202,NA
104,AB-19010203,NA
104,AB-19010204,NA
104,AB-19010205,NA
104,AB-19010206,NA
104,AB-19010207,NA
104,AB-19010208,NA
104,AB-19010301,NA
104,AB-19010302,NA
104,AB-19010303,NA
104,AB-19010304,NA
104,AB-19010305,NA
104,AB-19010306,NA
104,AB-19010307,NA
104,AB-19010308,NA
104,AB-19010309,NA
104,AB-19010310,NA
104,AB-19010311,NA
105,AB-20010101,NA
105,AB-20010102,NA
105,AB-20010103,NA
105,AB-20010104,NA
104,AB-21010101,NA
104,AB-21010102,NA
104,AB-21010103,NA
104,AB-21010201,NA
104,AB-21010202,NA
105,AB-22010101,NA
104,AB-23010101,NA
104,AB-23010102,NA
104,AB-23010103,NA
104,AB-23010104,NA
104,AB-23010105,NA
104,AB-23010106,NA
104,AB-23010107,NA
104,AB-23010108,NA
104,AB-23010201,NA
104,AB-23010301,NA
104,AB-23010302,NA
104,AB-24010101,NA
104,AB-24010102,NA
104,AB-24010103,NA
104,AB-24010104,NA
104,AB-24010105,NA
104,AB-24010201,NA
104,AB-24010202,NA
104,AB-24010203,NA
105,AB-25010101,NA
105,AB-25010102,NA
105,AB-25010301,NA
103,BC_1,NA
103,BC_10,NA
103,BC_100,NA
103,BC_101,NA
103,BC_102,NA
103,BC_103,NA
105,BC_104,NA
104,BC_105,NA
105,BC_106,NA
103,BC_107,NA
103,BC_108,NA
105,BC_109,NA
103,BC_11,NA
103,BC_110,NA
105,BC_111,NA
103,BC_112,NA
103,BC_113,NA
103,BC_114,NA
103,BC_115,NA
104,BC_116,NA
104,BC_117,NA
105,BC_118,NA
105,BC_119,NA
103,BC_12,NA
105,BC_120,NA
103,BC_121,NA
103,BC_122,NA
105,BC_123,NA
103,BC_124,NA
103,BC_125,NA
103,BC_126,NA
103,BC_127,NA
103,BC_128,NA
103,BC_129,NA
105,BC_13,NA
105,BC_130,NA
103,BC_131,NA
104,BC_132,NA
103,BC_133,NA
105,BC_134,NA
103,BC_135,NA
104,BC_136,NA
105,BC_137,NA
103,BC_138,NA
103,BC_139,NA
103,BC_14,NA
103,BC_140,NA
105,BC_141,NA
103,BC_142,NA
103,BC_143,NA
104,BC_144,NA
103,BC_145,NA
103,BC_146,NA
103,BC_147,NA
103,BC_148,NA
103,BC_149,NA
103,BC_15,NA
103,BC_150,NA
103,BC_151,NA
104,BC_152,NA
103,BC_153,NA
103,BC_154,NA
103,BC_155,NA
103,BC_156,NA
103,BC_157,NA
103,BC_158,NA
103,BC_159,NA
103,BC_16,NA
103,BC_160,NA
120,BC_161,NA
104,BC_162,NA
103,BC_163,NA
104,BC_164,NA
103,BC_165,NA
104,BC_166,NA
104,BC_167,NA
104,BC_168,NA
103,BC_169,NA
103,BC_17,NA
103,BC_170,NA
103,BC_171,NA
120,BC_172,NA
105,BC_173,NA
105,BC_174,NA
103,BC_175,NA
103,BC_176,NA
103,BC_177,NA
103,BC_178,NA
103,BC_179,NA
103,BC_18,NA
103,BC_180,NA
104,BC_181,NA
103,BC_182,NA
103,BC_183,NA
120,BC_184,NA
103,BC_185,NA
120,BC_186,NA
120,BC_187,NA
104,BC_188,NA
103,BC_189,NA
120,BC_19,NA
103,BC_190,NA
103,BC_191,NA
103,BC_192,NA
103,BC_193,NA
103,BC_194,NA
103,BC_195,NA
102,BC_196,NA
103,BC_197,NA
103,BC_198,NA
103,BC_199,NA
103,BC_2,NA
103,BC_20,NA
103,BC_200,NA
103,BC_201,NA
103,BC_202,NA
103,BC_203,NA
102,BC_204,NA
103,BC_205,NA
105,BC_206,NA
103,BC_207,NA
104,BC_208,NA
103,BC_209,NA
120,BC_21,NA
105,BC_210,NA
103,BC_211,NA
105,BC_212,NA
102,BC_213,NA
103,BC_214,NA
103,BC_215,NA
120,BC_216,NA
103,BC_217,NA
104,BC_218,NA
103,BC_219,NA
104,BC_22,NA
103,BC_220,NA
103,BC_221,NA
103,BC_222,NA
105,BC_223,NA
104,BC_224,NA
103,BC_225,NA
102,BC_226,NA
105,BC_227,NA
105,BC_228,NA
105,BC_229,NA
103,BC_23,NA
103,BC_230,NA
103,BC_231,NA
103,BC_232,NA
103,BC_233,NA
104,BC_234,NA
104,BC_235,NA
105,BC_236,NA
105,BC_237,NA
103,BC_238,NA
105,BC_239,NA
103,BC_24,NA
103,BC_240,NA
103,BC_241,NA
103,BC_242,NA
103,BC_243,NA
103,BC_244,NA
103,BC_245,NA
103,BC_246,NA
103,BC_25,NA
103,BC_26,NA
103,BC_27,NA
103,BC_28,NA
103,BC_29,NA
102,BC_3,NA
120,BC_30,NA
103,BC_31,NA
105,BC_32,NA
120,BC_33,NA
103,BC_34,NA
103,BC_35,NA
103,BC_36,NA
104,BC_37,NA
105,BC_38,NA
103,BC_39,NA
103,BC_4,NA
105,BC_40,NA
105,BC_41,NA
103,BC_42,NA
103,BC_43,NA
120,BC_44,NA
105,BC_45,NA
120,BC_46,NA
103,BC_47,NA
103,BC_48,NA
104,BC_49,NA
103,BC_5,NA
104,BC_50,NA
104,BC_51,NA
105,BC_52,NA
104,BC_53,NA
103,BC_54,NA
103,BC_55,NA
105,BC_56,NA
105,BC_57,NA
102,BC_58,NA
103,BC_59,NA
103,BC_6,NA
103,BC_60,NA
103,BC_61,NA
103,BC_62,NA
103,BC_63,NA
104,BC_64,NA
103,BC_65,NA
103,BC_66,NA
103,BC_67,NA
103,BC_68,NA
104,BC_69,NA
103,BC_7,NA
103,BC_70,NA
103,BC_71,NA
102,BC_72,NA
103,BC_73,NA
105,BC_74,NA
103,BC_75,NA
104,BC_76,NA
103,BC_77,NA
120,BC_78,NA
120,BC_79,NA
103,BC_8,NA
103,BC_80,NA
103,BC_81,NA
104,BC_82,NA
103,BC_83,NA
103,BC_84,NA
103,BC_85,NA
103,BC_86,NA
103,BC_87,NA
103,BC_88,NA
103,BC_89,NA
105,BC_9,NA
120,BC_90,NA
120,BC_91,NA
103,BC_92,NA
103,BC_93,NA
103,BC_94,NA
102,BC_95,NA
120,BC_96,NA
103,BC_97,NA
104,BC_98,NA
103,BC_99,NA
116,ON-023F-01,NA
116,ON-023F-02,NA
116,ON-023F-03,NA
116,ON-023F-04,NA
116,ON-029A-01,NA
116,ON-029B-01,NA
116,ON-029B-02,NA
116,ON-029C-01,NA
116,ON-029C-02,NA
116,ON-029C-03,NA
116,ON-02AA-01,NA
116,ON-02AA-02,NA
116,ON-02AA-03,NA
116,ON-02AA-04,NA
116,ON-02AA-05,NA
116,ON-02AA-06,NA
116,ON-02AA-07,NA
116,ON-02AA-08,NA
116,ON-02AA-09,NA
116,ON-02AA-10,NA
116,ON-02AA-11,NA
116,ON-02AB-01,NA
116,ON-02AB-02,NA
116,ON-02AB-03,NA
116,ON-02AB-04,NA
116,ON-02AB-05,NA
116,ON-02AB-06,NA
116,ON-02AB-07,NA
116,ON-02AB-08,NA
116,ON-02AB-09,NA
116,ON-02AB-10,NA
116,ON-02AB-11,NA
116,ON-02AB-12,NA
116,ON-02AB-13,NA
116,ON-02AB-14,NA
116,ON-02AB-15,NA
116,ON-02AB-16,NA
116,ON-02AB-17,NA
116,ON-02AB-18,NA
116,ON-02AC-01,NA
116,ON-02AC-02,NA
116,ON-02AC-03,NA
116,ON-02AC-04,NA
116,ON-02AC-05,NA
116,ON-02AC-06,NA
116,ON-02AC-07,NA
116,ON-02ADA01,NA
116,ON-02ADA02,NA
116,ON-02ADA03,NA
116,ON-02ADA04,NA
116,ON-02ADA05,NA
116,ON-02ADA06,NA
116,ON-02ADA07,NA
116,ON-02ADA08,NA
116,ON-02ADB01,NA
116,ON-02ADB02,NA
116,ON-02ADB03,NA
116,ON-02ADB04,NA
116,ON-02ADB05,NA
116,ON-02ADB06,NA
116,ON-02ADB07,NA
116,ON-02ADB08,NA
116,ON-02ADB09,NA
116,ON-02ADB10,NA
116,ON-02ADB11,NA
116,ON-02ADB12,NA
116,ON-02ADB13,NA
116,ON-02ADB14,NA
116,ON-02ADB15,NA
116,ON-02ADB16,NA
116,ON-02ADB17,NA
116,ON-02ADC01,NA
116,ON-02ADC02,NA
116,ON-02ADC03,NA
116,ON-02ADC04,NA
116,ON-02ADC05,NA
116,ON-02ADC06,NA
116,ON-02ADC07,NA
116,ON-02ADC08,NA
116,ON-02ADC09,NA
116,ON-02ADC10,NA
116,ON-02ADC11,NA
116,ON-02ADC12,NA
116,ON-02ADC13,NA
116,ON-02ADC14,NA
116,ON-02ADC15,NA
116,ON-02AE-01,NA
116,ON-02AE-02,NA
116,ON-02AE-03,NA
116,ON-02AE-04,NA
116,ON-02BA-01,NA
116,ON-02BA-02,NA
116,ON-02BA-03,NA
116,ON-02BA-04,NA
116,ON-02BA-05,NA
116,ON-02BA-06,NA
116,ON-02BA-07,NA
116,ON-02BA-08,NA
116,ON-02BA-09,NA
116,ON-02BA-10,NA
116,ON-02BB-01,NA
116,ON-02BB-02,NA
116,ON-02BB-03,NA
116,ON-02BB-04,NA
116,ON-02BB-05,NA
116,ON-02BB-06,NA
116,ON-02BB-07,NA
116,ON-02BB-08,NA
116,ON-02BB-09,NA
116,ON-02BB-10,NA
116,ON-02BB-11,NA
116,ON-02BB-12,NA
116,ON-02BC-01,NA
116,ON-02BC-02,NA
116,ON-02BC-03,NA
116,ON-02BC-04,NA
116,ON-02BC-05,NA
116,ON-02BC-06,NA
116,ON-02BC-07,NA
116,ON-02BC-08,NA
116,ON-02BC-09,NA
116,ON-02BC-10,NA
116,ON-02BC-11,NA
116,ON-02BC-12,NA
116,ON-02BC-13,NA
116,ON-02BC-14,NA
116,ON-02BD-01,NA
116,ON-02BD-02,NA
116,ON-02BD-03,NA
116,ON-02BD-04,NA
116,ON-02BD-05,NA
116,ON-02BD-06,NA
116,ON-02BD-07,NA
116,ON-02BD-08,NA
116,ON-02BD-09,NA
116,ON-02BD-10,NA
116,ON-02BD-11,NA
116,ON-02BD-12,NA
116,ON-02BD-13,NA
116,ON-02BD-14,NA
116,ON-02BD-15,NA
116,ON-02BD-16,NA
116,ON-02BD-17,NA
116,ON-02BD-18,NA
116,ON-02BE-01,NA
116,ON-02BE-02,NA
116,ON-02BE-03,NA
116,ON-02BE-04,NA
116,ON-02BE-05,NA
116,ON-02BE-06,NA
116,ON-02BE-07,NA
116,ON-02BE-08,NA
116,ON-02BE-09,NA
116,ON-02BE-10,NA
116,ON-02BE-11,NA
116,ON-02BF-01,NA
116,ON-02BF-02,NA
116,ON-02BF-03,NA
116,ON-02BF-04,NA
116,ON-02BF-05,NA
116,ON-02BF-06,NA
116,ON-02BF-07,NA
116,ON-02CAA01,NA
116,ON-02CAA02,NA
116,ON-02CAA03,NA
116,ON-02CAA04,NA
116,ON-02CAA05,NA
116,ON-02CAA06,NA
116,ON-02CAA07,NA
116,ON-02CAA08,NA
116,ON-02CAA09,NA
116,ON-02CAA10,NA
116,ON-02CAA11,NA
116,ON-02CAB01,NA
116,ON-02CAB02,NA
116,ON-02CB-01,NA
116,ON-02CB-02,NA
116,ON-02CB-03,NA
116,ON-02CB-04,NA
116,ON-02CB-05,NA
116,ON-02CB-06,NA
116,ON-02CB-07,NA
116,ON-02CB-08,NA
116,ON-02CB-09,NA
116,ON-02CB-10,NA
116,ON-02CB-11,NA
116,ON-02CC-01,NA
116,ON-02CC-02,NA
116,ON-02CC-03,NA
116,ON-02CC-04,NA
116,ON-02CC-05,NA
116,ON-02CC-06,NA
116,ON-02CC-07,NA
116,ON-02CC-08,NA
116,ON-02CD-01,NA
116,ON-02CD-02,NA
116,ON-02CD-03,NA
116,ON-02CD-04,NA
116,ON-02CD-05,NA
116,ON-02CD-06,NA
116,ON-02CE-01,NA
116,ON-02CE-02,NA
116,ON-02CE-03,NA
116,ON-02CE-04,NA
116,ON-02CE-05,NA
116,ON-02CE-06,NA
116,ON-02CE-07,NA
116,ON-02CE-08,NA
116,ON-02CE-09,NA
116,ON-02CE-10,NA
116,ON-02CE-11,NA
116,ON-02CE-12,NA
116,ON-02CE-13,NA
116,ON-02CE-14,NA
116,ON-02CE-15,NA
116,ON-02CE-16,NA
116,ON-02CE-17,NA
116,ON-02CE-18,NA
116,ON-02CE-19,NA
116,ON-02CE-20,NA
116,ON-02CE-21,NA
116,ON-02CE-22,NA
116,ON-02CE-23,NA
116,ON-02CF-01,NA
116,ON-02CF-02,NA
116,ON-02CF-03,NA
116,ON-02CF-04,NA
116,ON-02CF-05,NA
116,ON-02CF-06,NA
116,ON-02CF-07,NA
116,ON-02CF-08,NA
116,ON-02CF-09,NA
116,ON-02CH-01,NA
116,ON-02CH-02,NA
116,ON-02CH-03,NA
116,ON-02DA-01,NA
116,ON-02DA-02,NA
116,ON-02DA-03,NA
116,ON-02DA-04,NA
116,ON-02DA-05,NA
116,ON-02DA-06,NA
116,ON-02DA-07,NA
116,ON-02DB-01,NA
116,ON-02DB-02,NA
116,ON-02DB-03,NA
116,ON-02DB-04,NA
116,ON-02DC-01,NA
116,ON-02DC-02,NA
116,ON-02DC-03,NA
116,ON-02DC-04,NA
116,ON-02DC-05,NA
116,ON-02DC-06,NA
116,ON-02DC-07,NA
116,ON-02DC-08,NA
116,ON-02DC-09,NA
116,ON-02DC-10,NA
116,ON-02DC-11,NA
116,ON-02DC-12,NA
116,ON-02DC-13,NA
116,ON-02DC-14,NA
116,ON-02DC-15,NA
116,ON-02DD-01,NA
116,ON-02DD-02,NA
116,ON-02DD-03,NA
116,ON-02DD-04,NA
116,ON-02DD-05,NA
116,ON-02DD-06,NA
116,ON-02DD-07,NA
116,ON-02DD-08,NA
116,ON-02DD-09,NA
116,ON-02DD-10,NA
116,ON-02DD-11,NA
116,ON-02DD-12,NA
116,ON-02DD-13,NA
116,ON-02DD-14,NA
116,ON-02DD-15,NA
116,ON-02DD-16,NA
116,ON-02DD-17,NA
116,ON-02DD-18,NA
116,ON-02EA-01,NA
116,ON-02EA-02,NA
116,ON-02EA-03,NA
116,ON-02EA-04,NA
116,ON-02EA-05,NA
116,ON-02EA-06,NA
116,ON-02EA-07,NA
116,ON-02EA-08,NA
116,ON-02EA-09,NA
116,ON-02EA-10,NA
116,ON-02EA-11,NA
116,ON-02EA-12,NA
116,ON-02EA-13,NA
116,ON-02EA-14,NA
116,ON-02EB-01,NA
116,ON-02EB-02,NA
116,ON-02EB-03,NA
116,ON-02EB-04,NA
116,ON-02EB-05,NA
116,ON-02EB-06,NA
116,ON-02EB-07,NA
116,ON-02EB-08,NA
116,ON-02EB-09,NA
116,ON-02EB-10,NA
116,ON-02EB-11,NA
116,ON-02EB-12,NA
116,ON-02EB-13,NA
116,ON-02EB-14,NA
116,ON-02EC-01,NA
116,ON-02EC-02,NA
116,ON-02EC-03,NA
116,ON-02EC-04,NA
116,ON-02EC-05,NA
116,ON-02EC-06,NA
116,ON-02EC-07,NA
116,ON-02EC-08,NA
116,ON-02EC-09,NA
116,ON-02EC-10,NA
116,ON-02EC-11,NA
116,ON-02EC-12,NA
116,ON-02EC-13,NA
116,ON-02EC-14,NA
116,ON-02ED-01,NA
116,ON-02ED-02,NA
116,ON-02ED-03,NA
116,ON-02ED-04,NA
116,ON-02ED-05,NA
116,ON-02ED-06,NA
116,ON-02ED-07,NA
116,ON-02ED-08,NA
116,ON-02ED-09,NA
116,ON-02ED-10,NA
116,ON-02ED-11,NA
116,ON-02FA-01,NA
116,ON-02FA-02,NA
116,ON-02FA-03,NA
116,ON-02FB-01,NA
116,ON-02FB-02,NA
116,ON-02FB-03,NA
116,ON-02FB-04,NA
116,ON-02FC-01,NA
116,ON-02FC-02,NA
116,ON-02FC-03,NA
116,ON-02FC-04,NA
116,ON-02FC-05,NA
116,ON-02FC-06,NA
116,ON-02FC-07,NA
116,ON-02FC-08,NA
116,ON-02FC-09,NA
116,ON-02FC-10,NA
116,ON-02FC-11,NA
116,ON-02FC-12,NA
116,ON-02FC-13,NA
116,ON-02FC-14,NA
116,ON-02FE-01,NA
116,ON-02FE-02,NA
116,ON-02FE-03,NA
116,ON-02FE-04,NA
116,ON-02FE-05,NA
116,ON-02FE-06,NA
116,ON-02FE-07,NA
116,ON-02FE-08,NA
116,ON-02FE-09,NA
116,ON-02FF-01,NA
116,ON-02FF-02,NA
116,ON-02FF-03,NA
116,ON-02FF-04,NA
116,ON-02FF-05,NA
116,ON-02FF-06,NA
116,ON-02FF-07,NA
116,ON-02FF-08,NA
116,ON-02FF-09,NA
116,ON-02GA-01,NA
116,ON-02GA-02,NA
116,ON-02GA-03,NA
116,ON-02GA-04,NA
116,ON-02GA-05,NA
116,ON-02GA-06,NA
116,ON-02GA-07,NA
116,ON-02GA-08,NA
116,ON-02GA-09,NA
116,ON-02GA-10,NA
116,ON-02GA-11,NA
116,ON-02GA-12,NA
116,ON-02GA-13,NA
116,ON-02GA-14,NA
116,ON-02GA-15,NA
116,ON-02GA-16,NA
116,ON-02GA-17,NA
116,ON-02GA-18,NA
116,ON-02GA-19,NA
116,ON-02GB-01,NA
116,ON-02GB-02,NA
116,ON-02GB-03,NA
116,ON-02GB-04,NA
116,ON-02GB-05,NA
116,ON-02GB-06,NA
116,ON-02GB-07,NA
116,ON-02GB-08,NA
116,ON-02GC-01,NA
116,ON-02GC-02,NA
116,ON-02GC-03,NA
116,ON-02GC-04,NA
116,ON-02GC-05,NA
116,ON-02GC-06,NA
116,ON-02GC-07,NA
116,ON-02GC-08,NA
116,ON-02GC-09,NA
116,ON-02GD-01,NA
116,ON-02GD-02,NA
116,ON-02GD-03,NA
116,ON-02GD-04,NA
116,ON-02GD-05,NA
116,ON-02GD-06,NA
116,ON-02GD-07,NA
116,ON-02GD-08,NA
116,ON-02GD-09,NA
116,ON-02GD-10,NA
116,ON-02GD-11,NA
116,ON-02GD-12,NA
116,ON-02GD-13,NA
116,ON-02GE-01,NA
116,ON-02GE-02,NA
116,ON-02GE-03,NA
116,ON-02GE-04,NA
116,ON-02GE-05,NA
116,ON-02GE-06,NA
116,ON-02GE-07,NA
116,ON-02GE-08,NA
116,ON-02GE-09,NA
116,ON-02GGA01,NA
116,ON-02GGA02,NA
116,ON-02GGA03,NA
116,ON-02GGA04,NA
116,ON-02GGA05,NA
116,ON-02GGB01,NA
116,ON-02GGB02,NA
116,ON-02GGB03,NA
116,ON-02GGB04,NA
116,ON-02GGB05,NA
116,ON-02GGB06,NA
116,ON-02GGB07,NA
116,ON-02GGB08,NA
116,ON-02GGB09,NA
116,ON-02GGB10,NA
116,ON-02GGB11,NA
116,ON-02GHA01,NA
116,ON-02GHA02,NA
116,ON-02GHA03,NA
116,ON-02GHA04,NA
116,ON-02GHA05,NA
116,ON-02GHA06,NA
116,ON-02GHA07,NA
116,ON-02HA-01,NA
116,ON-02HA-02,NA
116,ON-02HA-03,NA
116,ON-02HA-04,NA
116,ON-02HA-05,NA
116,ON-02HA-06,NA
116,ON-02HA-07,NA
116,ON-02HA-08,NA
116,ON-02HB-01,NA
116,ON-02HB-02,NA
116,ON-02HB-03,NA
116,ON-02HB-04,NA
116,ON-02HB-05,NA
116,ON-02HB-06,NA
116,ON-02HC-01,NA
116,ON-02HC-02,NA
116,ON-02HC-03,NA
116,ON-02HC-04,NA
116,ON-02HC-05,NA
116,ON-02HC-06,NA
116,ON-02HC-07,NA
116,ON-02HC-08,NA
116,ON-02HF-01,NA
116,ON-02HF-02,NA
116,ON-02HF-03,NA
116,ON-02HF-04,NA
116,ON-02HF-05,NA
116,ON-02HF-06,NA
116,ON-02HF-07,NA
116,ON-02HF-08,NA
116,ON-02HF-09,NA
116,ON-02HF-10,NA
116,ON-02HF-11,NA
116,ON-02HG-01,NA
116,ON-02HG-02,NA
116,ON-02HG-03,NA
116,ON-02HG-04,NA
116,ON-02HH-01,NA
116,ON-02HH-02,NA
116,ON-02HH-03,NA
116,ON-02HH-04,NA
116,ON-02HH-05,NA
116,ON-02HH-06,NA
116,ON-02HH-07,NA
116,ON-02HH-08,NA
116,ON-02HH-09,NA
116,ON-02HJ-01,NA
116,ON-02HJ-02,NA
116,ON-02HJ-03,NA
116,ON-02HJ-04,NA
116,ON-02HJ-05,NA
116,ON-02HJ-06,NA
116,ON-02HK-01,NA
116,ON-02HK-02,NA
116,ON-02HK-03,NA
116,ON-02HK-04,NA
116,ON-02HK-05,NA
116,ON-02HK-06,NA
116,ON-02HK-07,NA
116,ON-02HK-08,NA
116,ON-02HK-09,NA
116,ON-02HK-10,NA
116,ON-02HK-11,NA
116,ON-02HK-12,NA
116,ON-02HK-13,NA
116,ON-02HK-14,NA
116,ON-02HK-15,NA
116,ON-02HL-01,NA
116,ON-02HL-02,NA
116,ON-02HL-03,NA
116,ON-02HL-04,NA
116,ON-02HL-05,NA
116,ON-02HL-06,NA
116,ON-02HL-07,NA
116,ON-02HL-08,NA
116,ON-02HL-09,NA
116,ON-02HL-10,NA
116,ON-02HM-01,NA
116,ON-02HM-02,NA
116,ON-02HM-03,NA
116,ON-02HM-04,NA
116,ON-02HM-05,NA
116,ON-02HM-06,NA
116,ON-02HM-07,NA
116,ON-02HM-08,NA
116,ON-02HM-09,NA
116,ON-02HM-10,NA
116,ON-02HM-11,NA
117,ON-02JC-01,NA
117,ON-02JC-02,NA
117,ON-02JC-03,NA
117,ON-02JC-04,NA
117,ON-02JC-05,NA
117,ON-02JC-06,NA
117,ON-02JC-07,NA
117,ON-02JC-08,NA
117,ON-02JC-09,NA
117,ON-02JC-10,NA
117,ON-02JC-11,NA
117,ON-02JC-12,NA
117,ON-02JC-13,NA
117,ON-02JC-14,NA
117,ON-02JC-15,NA
117,ON-02JD-01,NA
117,ON-02JD-02,NA
117,ON-02JD-03,NA
117,ON-02JD-04,NA
117,ON-02JD-05,NA
117,ON-02JD-06,NA
117,ON-02JD-07,NA
117,ON-02JD-08,NA
117,ON-02JD-09,NA
117,ON-02JD-10,NA
117,ON-02JD-11,NA
117,ON-02JD-12,NA
117,ON-02JD-13,NA
117,ON-02JD-14,NA
117,ON-02JD-15,NA
117,ON-02JE-01,NA
117,ON-02JE-02,NA
117,ON-02JE-03,NA
117,ON-02JE-04,NA
117,ON-02JE-05,NA
117,ON-02JE-06,NA
117,ON-02JE-07,NA
117,ON-02JE-08,NA
117,ON-02JE-09,NA
117,ON-02JE-10,NA
117,ON-02JE-11,NA
117,ON-02JE-12,NA
117,ON-02JE-13,NA
117,ON-02JE-14,NA
117,ON-02JE-15,NA
117,ON-02JE-16,NA
117,ON-02JE-17,NA
117,ON-02JE-18,NA
117,ON-02JE-19,NA
117,ON-02JE-20,NA
117,ON-02KA-01,NA
117,ON-02KA-02,NA
117,ON-02KA-03,NA
117,ON-02KA-04,NA
117,ON-02KA-05,NA
117,ON-02KB-01,NA
117,ON-02KB-02,NA
117,ON-02KB-03,NA
117,ON-02KB-04,NA
117,ON-02KB-05,NA
117,ON-02KB-06,NA
117,ON-02KB-07,NA
117,ON-02KB-08,NA
117,ON-02KB-09,NA
117,ON-02KB-10,NA
117,ON-02KB-11,NA
117,ON-02KB-12,NA
117,ON-02KC-01,NA
117,ON-02KC-02,NA
117,ON-02KC-03,NA
117,ON-02KC-04,NA
117,ON-02KC-05,NA
117,ON-02KC-06,NA
117,ON-02KC-07,NA
117,ON-02KC-08,NA
117,ON-02KC-09,NA
117,ON-02KC-10,NA
117,ON-02KC-11,NA
117,ON-02KC-12,NA
117,ON-02KC-13,NA
117,ON-02KC-14,NA
117,ON-02KD-01,NA
117,ON-02KD-02,NA
117,ON-02KD-03,NA
117,ON-02KD-04,NA
117,ON-02KD-05,NA
117,ON-02KD-06,NA
117,ON-02KD-07,NA
117,ON-02KD-08,NA
117,ON-02KD-09,NA
117,ON-02KD-10,NA
117,ON-02KD-11,NA
117,ON-02KD-12,NA
117,ON-02KD-13,NA
117,ON-02KD-14,NA
117,ON-02KE-01,NA
117,ON-02KE-02,NA
117,ON-02KE-03,NA
117,ON-02KE-04,NA
117,ON-02KE-05,NA
117,ON-02KE-06,NA
117,ON-02KE-07,NA
117,ON-02KF-01,NA
117,ON-02KF-02,NA
117,ON-02KF-03,NA
117,ON-02KF-04,NA
117,ON-02KF-05,NA
117,ON-02KF-06,NA
117,ON-02KF-07,NA
117,ON-02KF-08,NA
117,ON-02KF-09,NA
117,ON-02KF-10,NA
117,ON-02KF-11,NA
117,ON-02KF-12,NA
117,ON-02KF-13,NA
117,ON-02LA-01,NA
117,ON-02LA-02,NA
117,ON-02LA-03,NA
117,ON-02LA-04,NA
117,ON-02LA-05,NA
117,ON-02LA-06,NA
117,ON-02LA-07,NA
117,ON-02LA-08,NA
117,ON-02LA-09,NA
117,ON-02LA-10,NA
117,ON-02LB-01,NA
117,ON-02LB-02,NA
117,ON-02LB-03,NA
117,ON-02LB-04,NA
117,ON-02LB-05,NA
117,ON-02LB-06,NA
117,ON-02LB-07,NA
117,ON-02LB-08,NA
117,ON-02LB-09,NA
117,ON-02LB-10,NA
117,ON-02LB-11,NA
117,ON-02LB-12,NA
117,ON-02LB-13,NA
117,ON-02LB-14,NA
117,ON-02LC-01,NA
117,ON-02LF-01,NA
117,ON-02MA-01,NA
116,ON-02MA-02,NA
116,ON-02MA-03,NA
116,ON-02MA-04,NA
116,ON-02MA-05,NA
116,ON-02MA-06,NA
117,ON-02MCA01,NA
117,ON-02MCA02,NA
117,ON-02MCA03,NA
117,ON-02MCA04,NA
117,ON-02MCA05,NA
117,ON-02MCA06,NA
117,ON-02MCA07,NA
117,ON-02MCA08,NA
110,ON-0412-01,NA
110,ON-04AC-01,NA
110,ON-04AC-02,NA
110,ON-04AC-03,NA
110,ON-04AC-04,NA
110,ON-04AC-05,NA
110,ON-04AC-06,NA
110,ON-04AC-07,NA
110,ON-04AC-08,NA
110,ON-04AC-09,NA
110,ON-04AC-10,NA
110,ON-04AC-11,NA
110,ON-04AC-12,NA
110,ON-04AC-13,NA
110,ON-04AD-01,NA
110,ON-04AD-02,NA
110,ON-04AD-03,NA
110,ON-04AD-04,NA
110,ON-04AD-05,NA
110,ON-04AD-06,NA
110,ON-04AD-07,NA
110,ON-04AD-08,NA
110,ON-04AD-09,NA
110,ON-04AD-10,NA
110,ON-04AE-01,NA
110,ON-04AE-02,NA
110,ON-04AE-03,NA
110,ON-04AE-04,NA
110,ON-04AE-05,NA
110,ON-04AE-06,NA
110,ON-04AE-07,NA
110,ON-04AE-08,NA
110,ON-04AE-09,NA
110,ON-04AE-10,NA
110,ON-04AE-11,NA
110,ON-04AE-12,NA
110,ON-04AE-13,NA
110,ON-04AE-14,NA
110,ON-04AE-15,NA
110,ON-04AE-16,NA
110,ON-04AE-17,NA
110,ON-04BB-01,NA
110,ON-04BB-02,NA
110,ON-04BB-03,NA
110,ON-04BB-04,NA
110,ON-04BB-05,NA
110,ON-04BB-06,NA
110,ON-04BB-07,NA
110,ON-04BB-08,NA
110,ON-04BB-09,NA
110,ON-04BB-10,NA
110,ON-04BB-11,NA
110,ON-04BC-01,NA
110,ON-04BC-02,NA
110,ON-04BC-03,NA
110,ON-04BC-04,NA
110,ON-04BC-05,NA
110,ON-04BC-06,NA
110,ON-04BC-07,NA
110,ON-04BC-08,NA
110,ON-04BC-09,NA
110,ON-04BC-10,NA
110,ON-04BC-11,NA
110,ON-04BC-12,NA
110,ON-04CAA01,NA
110,ON-04CAA02,NA
110,ON-04CAA03,NA
110,ON-04CAA04,NA
110,ON-04CAA05,NA
110,ON-04CAA06,NA
110,ON-04CAA07,NA
110,ON-04CAA08,NA
110,ON-04CAA09,NA
110,ON-04CAA10,NA
110,ON-04CAA11,NA
110,ON-04CAA12,NA
110,ON-04CAA13,NA
110,ON-04CAA14,NA
110,ON-04CAA15,NA
110,ON-04CAA16,NA
110,ON-04CAA17,NA
110,ON-04CAA18,NA
110,ON-04CAB01,NA
110,ON-04CAB02,NA
110,ON-04CAB03,NA
110,ON-04CAB04,NA
110,ON-04CAB05,NA
110,ON-04CAB06,NA
110,ON-04CAB07,NA
110,ON-04CAB08,NA
110,ON-04CAB09,NA
110,ON-04CAB10,NA
110,ON-04CAB11,NA
110,ON-04CAB12,NA
110,ON-04CAB13,NA
110,ON-04CAB14,NA
110,ON-04CAB15,NA
110,ON-04CAB16,NA
110,ON-04CAB17,NA
110,ON-04CAB18,NA
110,ON-04CAB19,NA
110,ON-04CAB20,NA
110,ON-04CAB21,NA
110,ON-04CAB22,NA
110,ON-04CB-01,NA
110,ON-04CB-02,NA
110,ON-04CB-03,NA
110,ON-04CB-04,NA
110,ON-04CB-05,NA
110,ON-04CB-06,NA
110,ON-04CB-07,NA
110,ON-04CB-08,NA
110,ON-04CB-09,NA
110,ON-04CB-10,NA
110,ON-04CB-11,NA
110,ON-04CB-12,NA
110,ON-04CB-13,NA
110,ON-04CB-14,NA
110,ON-04CB-15,NA
110,ON-04CB-16,NA
110,ON-04CB-17,NA
110,ON-04CB-18,NA
110,ON-04CB-19,NA
110,ON-04CCA01,NA
110,ON-04CCA02,NA
110,ON-04CCA03,NA
110,ON-04CCA04,NA
110,ON-04CCA05,NA
110,ON-04CCA06,NA
110,ON-04CCA07,NA
110,ON-04CCA08,NA
110,ON-04CCA09,NA
110,ON-04CCA10,NA
110,ON-04CCA11,NA
110,ON-04CCA12,NA
110,ON-04CCA13,NA
110,ON-04CCA14,NA
110,ON-04CCA15,NA
110,ON-04CCA16,NA
110,ON-04CCA17,NA
110,ON-04CCA18,NA
110,ON-04CCA19,NA
110,ON-04CCA20,NA
110,ON-04CCA21,NA
110,ON-04CCB01,NA
110,ON-04CCB02,NA
110,ON-04CCB03,NA
110,ON-04CCB04,NA
110,ON-04CCB05,NA
110,ON-04CCB06,NA
110,ON-04CCB07,NA
110,ON-04CCB08,NA
110,ON-04CCB09,NA
110,ON-04CCB10,NA
110,ON-04CCB11,NA
110,ON-04CCB12,NA
110,ON-04CCB13,NA
110,ON-04CCB14,NA
110,ON-04CDA01,NA
110,ON-04CDA02,NA
110,ON-04CDA03,NA
110,ON-04CDA04,NA
110,ON-04CDA05,NA
110,ON-04CDA06,NA
110,ON-04CDA07,NA
110,ON-04CDA08,NA
110,ON-04CDA09,NA
110,ON-04CDA10,NA
110,ON-04CDA11,NA
110,ON-04CDA12,NA
110,ON-04CDA13,NA
110,ON-04CDA14,NA
110,ON-04CDA15,NA
110,ON-04CDA16,NA
110,ON-04CDA17,NA
110,ON-04CDA18,NA
110,ON-04CDA19,NA
110,ON-04CDA20,NA
110,ON-04CDA21,NA
110,ON-04CDB01,NA
110,ON-04CDB02,NA
110,ON-04CDB03,NA
110,ON-04CDB04,NA
110,ON-04CDB05,NA
110,ON-04CDB06,NA
110,ON-04CDB07,NA
110,ON-04CDB08,NA
110,ON-04CDB09,NA
110,ON-04CDB10,NA
110,ON-04CE-01,NA
110,ON-04CE-02,NA
110,ON-04CE-03,NA
110,ON-04CE-04,NA
110,ON-04CE-05,NA
110,ON-04CE-06,NA
110,ON-04CE-07,NA
110,ON-04CE-08,NA
110,ON-04CE-09,NA
110,ON-04CE-10,NA
110,ON-04CE-11,NA
110,ON-04CE-12,NA
110,ON-04CE-13,NA
110,ON-04CE-14,NA
110,ON-04CE-15,NA
110,ON-04CE-16,NA
110,ON-04CE-17,NA
110,ON-04CE-18,NA
110,ON-04CE-19,NA
110,ON-04CE-20,NA
110,ON-04CE-21,NA
110,ON-04CE-22,NA
110,ON-04CF-01,NA
110,ON-04CF-02,NA
110,ON-04CF-03,NA
110,ON-04CF-04,NA
110,ON-04CF-05,NA
110,ON-04CF-06,NA
110,ON-04CF-07,NA
110,ON-04CF-08,NA
110,ON-04CF-09,NA
110,ON-04CF-10,NA
110,ON-04CF-11,NA
110,ON-04DAA01,NA
110,ON-04DAA02,NA
110,ON-04DAA03,NA
110,ON-04DAA04,NA
110,ON-04DAA05,NA
110,ON-04DAA06,NA
110,ON-04DAA07,NA
110,ON-04DAA08,NA
110,ON-04DAA09,NA
110,ON-04DAA10,NA
110,ON-04DAA11,NA
110,ON-04DAA12,NA
110,ON-04DAA13,NA
110,ON-04DAA14,NA
110,ON-04DAA15,NA
110,ON-04DAA16,NA
110,ON-04DAA17,NA
110,ON-04DAA18,NA
110,ON-04DAA19,NA
110,ON-04DAA20,NA
110,ON-04DAA21,NA
110,ON-04DAB01,NA
110,ON-04DAB02,NA
110,ON-04DAB03,NA
110,ON-04DAB04,NA
110,ON-04DAB05,NA
110,ON-04DAB06,NA
110,ON-04DAB07,NA
110,ON-04DAB08,NA
110,ON-04DAB09,NA
110,ON-04DAB10,NA
110,ON-04DAB11,NA
110,ON-04DAB12,NA
110,ON-04DAB13,NA
110,ON-04DAB14,NA
110,ON-04DAB15,NA
110,ON-04DBA01,NA
110,ON-04DBA02,NA
110,ON-04DBA03,NA
110,ON-04DBA04,NA
110,ON-04DBA05,NA
110,ON-04DBA06,NA
110,ON-04DBA07,NA
110,ON-04DBA08,NA
110,ON-04DBA09,NA
110,ON-04DBA10,NA
110,ON-04DBA11,NA
110,ON-04DBA12,NA
110,ON-04DBA13,NA
110,ON-04DBA14,NA
110,ON-04DBA15,NA
110,ON-04DBA16,NA
110,ON-04DBA17,NA
110,ON-04DBB01,NA
110,ON-04DBB02,NA
110,ON-04DBB03,NA
110,ON-04DBB04,NA
110,ON-04DBB05,NA
110,ON-04DBB06,NA
110,ON-04DBB07,NA
110,ON-04DBB08,NA
110,ON-04DBB09,NA
110,ON-04DBB10,NA
110,ON-04DBB11,NA
110,ON-04DBB12,NA
110,ON-04DBB13,NA
110,ON-04DBB14,NA
110,ON-04DBB15,NA
110,ON-04DBB16,NA
110,ON-04DBB17,NA
110,ON-04DBB18,NA
110,ON-04DBB19,NA
110,ON-04DBB20,NA
110,ON-04DBB21,NA
110,ON-04DBB22,NA
110,ON-04DBB23,NA
110,ON-04DBB24,NA
110,ON-04DBB25,NA
110,ON-04DCA01,NA
110,ON-04DCA02,NA
110,ON-04DCA03,NA
110,ON-04DCA04,NA
110,ON-04DCA05,NA
110,ON-04DCA06,NA
110,ON-04DCA07,NA
110,ON-04DCA08,NA
110,ON-04DCA09,NA
110,ON-04DCA10,NA
110,ON-04DCA11,NA
110,ON-04DCA12,NA
110,ON-04DCA13,NA
110,ON-04DCA14,NA
110,ON-04DCA15,NA
110,ON-04DCA16,NA
110,ON-04DCA17,NA
110,ON-04DCB01,NA
110,ON-04DCB02,NA
110,ON-04DCB03,NA
110,ON-04DCB04,NA
110,ON-04DCB05,NA
110,ON-04DCB06,NA
110,ON-04DCB07,NA
110,ON-04DCB08,NA
110,ON-04DCB09,NA
110,ON-04DCB10,NA
110,ON-04DCB11,NA
110,ON-04DCB12,NA
110,ON-04DCB13,NA
110,ON-04DCB14,NA
110,ON-04DCB15,NA
110,ON-04DCB16,NA
110,ON-04DD-01,NA
110,ON-04DD-02,NA
110,ON-04DD-03,NA
110,ON-04DD-04,NA
110,ON-04DD-05,NA
110,ON-04DD-06,NA
110,ON-04DD-07,NA
110,ON-04DD-08,NA
110,ON-04DD-09,NA
110,ON-04DD-10,NA
110,ON-04DD-11,NA
110,ON-04DD-12,NA
110,ON-04DD-13,NA
110,ON-04EA-01,NA
110,ON-04EA-02,NA
110,ON-04EA-03,NA
110,ON-04EA-04,NA
110,ON-04EA-05,NA
110,ON-04EA-06,NA
110,ON-04EA-07,NA
110,ON-04EA-08,NA
110,ON-04EA-09,NA
110,ON-04EA-10,NA
110,ON-04EA-11,NA
110,ON-04EA-12,NA
110,ON-04EA-13,NA
110,ON-04EA-14,NA
110,ON-04EA-15,NA
110,ON-04EA-16,NA
110,ON-04EA-17,NA
110,ON-04EA-18,NA
110,ON-04EA-19,NA
110,ON-04EA-20,NA
110,ON-04EA-21,NA
110,ON-04EA-22,NA
110,ON-04EA-23,NA
110,ON-04EB-01,NA
110,ON-04EB-02,NA
110,ON-04EB-03,NA
110,ON-04EB-04,NA
110,ON-04EB-05,NA
110,ON-04EB-06,NA
110,ON-04EB-07,NA
110,ON-04EB-08,NA
110,ON-04EB-09,NA
110,ON-04EB-10,NA
110,ON-04EB-11,NA
110,ON-04EC-01,NA
110,ON-04EC-02,NA
110,ON-04EC-03,NA
110,ON-04EC-04,NA
110,ON-04EC-05,NA
110,ON-04EC-06,NA
110,ON-04EC-07,NA
110,ON-04EC-08,NA
110,ON-04EC-09,NA
110,ON-04EC-10,NA
110,ON-04EC-11,NA
110,ON-04EC-12,NA
110,ON-04EC-13,NA
110,ON-04EC-14,NA
110,ON-04EC-15,NA
110,ON-04EC-16,NA
110,ON-04EC-17,NA
110,ON-04EC-18,NA
110,ON-04EC-19,NA
110,ON-04EC-20,NA
110,ON-04EC-21,NA
110,ON-04EC-22,NA
110,ON-04EC-23,NA
110,ON-04ED-01,NA
110,ON-04ED-02,NA
110,ON-04ED-03,NA
110,ON-04ED-04,NA
110,ON-04ED-05,NA
110,ON-04ED-06,NA
110,ON-04ED-07,NA
110,ON-04ED-08,NA
110,ON-04ED-09,NA
110,ON-04ED-10,NA
110,ON-04ED-11,NA
110,ON-04ED-12,NA
110,ON-04ED-13,NA
110,ON-04ED-14,NA
110,ON-04ED-15,NA
110,ON-04ED-16,NA
110,ON-04ED-17,NA
110,ON-04ED-18,NA
110,ON-04ED-19,NA
110,ON-04ED-20,NA
110,ON-04ED-21,NA
110,ON-04FAA01,NA
110,ON-04FAA02,NA
110,ON-04FAA03,NA
110,ON-04FAA04,NA
110,ON-04FAA05,NA
110,ON-04FAA06,NA
110,ON-04FAA07,NA
110,ON-04FAA08,NA
110,ON-04FAA09,NA
110,ON-04FAA10,NA
110,ON-04FAA11,NA
110,ON-04FAA12,NA
110,ON-04FAA13,NA
110,ON-04FAA14,NA
110,ON-04FAA15,NA
110,ON-04FAA16,NA
110,ON-04FAA17,NA
110,ON-04FAA18,NA
110,ON-04FAA19,NA
110,ON-04FAB01,NA
110,ON-04FAB02,NA
110,ON-04FAB03,NA
110,ON-04FAB04,NA
110,ON-04FAB05,NA
110,ON-04FAB06,NA
110,ON-04FAB07,NA
110,ON-04FAB08,NA
110,ON-04FAB09,NA
110,ON-04FAB10,NA
110,ON-04FAB11,NA
110,ON-04FB-01,NA
110,ON-04FB-02,NA
110,ON-04FB-03,NA
110,ON-04FB-04,NA
110,ON-04FB-05,NA
110,ON-04FB-06,NA
110,ON-04FB-07,NA
110,ON-04FB-08,NA
110,ON-04FB-09,NA
110,ON-04FB-10,NA
110,ON-04FB-11,NA
110,ON-04FB-12,NA
110,ON-04FB-13,NA
110,ON-04FB-14,NA
110,ON-04FB-15,NA
110,ON-04FB-16,NA
110,ON-04FB-17,NA
110,ON-04FB-18,NA
110,ON-04FB-19,NA
110,ON-04FB-20,NA
110,ON-04FCA01,NA
110,ON-04FCA02,NA
110,ON-04FCA03,NA
110,ON-04FCA04,NA
110,ON-04FCA05,NA
110,ON-04FCA06,NA
110,ON-04FCA07,NA
110,ON-04FCA08,NA
110,ON-04FCA09,NA
110,ON-04FCA10,NA
110,ON-04FCA11,NA
110,ON-04FCA12,NA
110,ON-04FCA13,NA
110,ON-04FCA14,NA
110,ON-04FCA15,NA
110,ON-04FCA16,NA
110,ON-04FCA17,NA
110,ON-04FCA18,NA
110,ON-04FCA19,NA
110,ON-04FCA20,NA
110,ON-04FCA21,NA
110,ON-04FCA22,NA
110,ON-04FCA23,NA
110,ON-04FCA24,NA
110,ON-04FCB01,NA
110,ON-04FCB02,NA
110,ON-04FCB03,NA
110,ON-04FCB04,NA
110,ON-04FCB05,NA
110,ON-04FCB06,NA
110,ON-04FCB07,NA
110,ON-04FCB08,NA
110,ON-04FCB09,NA
110,ON-04FCB10,NA
110,ON-04FCB11,NA
110,ON-04FCB12,NA
110,ON-04FCB13,NA
110,ON-04FCB14,NA
110,ON-04FCB15,NA
110,ON-04FCB16,NA
110,ON-04FCB17,NA
110,ON-04FCB18,NA
110,ON-04FCB19,NA
110,ON-04GAA01,NA
110,ON-04GAA02,NA
110,ON-04GAA03,NA
110,ON-04GAA04,NA
110,ON-04GAA05,NA
110,ON-04GAA06,NA
110,ON-04GAA07,NA
110,ON-04GAA08,NA
110,ON-04GAA09,NA
110,ON-04GAA10,NA
110,ON-04GAA11,NA
110,ON-04GAA12,NA
110,ON-04GAA13,NA
110,ON-04GAA14,NA
110,ON-04GAA15,NA
110,ON-04GAA16,NA
110,ON-04GAA17,NA
110,ON-04GAA18,NA
110,ON-04GAA19,NA
110,ON-04GAA20,NA
110,ON-04GAA21,NA
110,ON-04GAA22,NA
110,ON-04GAA23,NA
110,ON-04GAA24,NA
110,ON-04GAB01,NA
110,ON-04GAB02,NA
110,ON-04GAB03,NA
110,ON-04GAB04,NA
110,ON-04GBA01,NA
110,ON-04GBA02,NA
110,ON-04GBA03,NA
110,ON-04GBA04,NA
110,ON-04GBA05,NA
110,ON-04GBA06,NA
110,ON-04GBA07,NA
110,ON-04GBA08,NA
110,ON-04GBA09,NA
110,ON-04GBA10,NA
110,ON-04GBA11,NA
110,ON-04GBA12,NA
110,ON-04GBA13,NA
110,ON-04GBA14,NA
110,ON-04GBA15,NA
110,ON-04GBA16,NA
110,ON-04GBA17,NA
116,ON-04GBA18,NA
110,ON-04GBA19,NA
110,ON-04GBA20,NA
110,ON-04GBA21,NA
110,ON-04GBA22,NA
110,ON-04GBB01,NA
110,ON-04GBB02,NA
110,ON-04GBB03,NA
110,ON-04GC-01,NA
110,ON-04GC-02,NA
110,ON-04GC-03,NA
110,ON-04GC-04,NA
110,ON-04GC-05,NA
110,ON-04GC-06,NA
110,ON-04GC-07,NA
110,ON-04GC-08,NA
110,ON-04GC-09,NA
110,ON-04GC-10,NA
110,ON-04GC-11,NA
110,ON-04GC-12,NA
110,ON-04GC-13,NA
110,ON-04GC-14,NA
110,ON-04GC-15,NA
110,ON-04GD-01,NA
110,ON-04GD-02,NA
110,ON-04GD-03,NA
110,ON-04GD-04,NA
110,ON-04GD-05,NA
110,ON-04GD-06,NA
110,ON-04GD-07,NA
110,ON-04GD-08,NA
110,ON-04GD-09,NA
110,ON-04GD-10,NA
110,ON-04GD-11,NA
110,ON-04GD-12,NA
110,ON-04GD-13,NA
110,ON-04GD-14,NA
110,ON-04GD-15,NA
110,ON-04GD-16,NA
110,ON-04GD-17,NA
110,ON-04GD-18,NA
110,ON-04GD-19,NA
110,ON-04GE-01,NA
110,ON-04GE-02,NA
110,ON-04GE-03,NA
110,ON-04GE-04,NA
110,ON-04GE-05,NA
110,ON-04GE-06,NA
110,ON-04GE-07,NA
110,ON-04GE-08,NA
110,ON-04GE-09,NA
110,ON-04GE-10,NA
110,ON-04GE-11,NA
110,ON-04GE-12,NA
110,ON-04GE-13,NA
110,ON-04GF-01,NA
110,ON-04GF-02,NA
110,ON-04GF-03,NA
110,ON-04GF-04,NA
110,ON-04GF-05,NA
110,ON-04GF-06,NA
110,ON-04GF-07,NA
110,ON-04GF-08,NA
110,ON-04GF-09,NA
110,ON-04GF-10,NA
110,ON-04GF-11,NA
110,ON-04GF-12,NA
110,ON-04GF-13,NA
110,ON-04HAA01,NA
110,ON-04HAA02,NA
110,ON-04HAA03,NA
110,ON-04HAA04,NA
110,ON-04HAA05,NA
110,ON-04HAA06,NA
110,ON-04HAA07,NA
110,ON-04HAA08,NA
110,ON-04HAA09,NA
110,ON-04HAA10,NA
110,ON-04HAA11,NA
110,ON-04HAA12,NA
110,ON-04HAA13,NA
110,ON-04HAA14,NA
110,ON-04HAA15,NA
110,ON-04HAA16,NA
110,ON-04HAA17,NA
110,ON-04HAB01,NA
110,ON-04HAB02,NA
110,ON-04HAB03,NA
110,ON-04HAB04,NA
110,ON-04HAB05,NA
110,ON-04HAB06,NA
110,ON-04HAB07,NA
110,ON-04HAB08,NA
110,ON-04HAB09,NA
110,ON-04HAB10,NA
110,ON-04HAB11,NA
110,ON-04HAB12,NA
110,ON-04HAB13,NA
110,ON-04HAB14,NA
110,ON-04HAB15,NA
110,ON-04HAB16,NA
110,ON-04HAB17,NA
110,ON-04HB-01,NA
110,ON-04HB-02,NA
110,ON-04HB-03,NA
110,ON-04HB-04,NA
110,ON-04HB-05,NA
110,ON-04HB-06,NA
110,ON-04HB-07,NA
110,ON-04HB-08,NA
110,ON-04HB-09,NA
110,ON-04HB-10,NA
110,ON-04HC-01,NA
110,ON-04HC-02,NA
110,ON-04HC-03,NA
110,ON-04HC-04,NA
110,ON-04HC-05,NA
110,ON-04HC-06,NA
110,ON-04HD-01,NA
110,ON-04HD-02,NA
110,ON-04HD-03,NA
110,ON-04HD-04,NA
110,ON-04HD-05,NA
110,ON-04HD-06,NA
110,ON-04HD-07,NA
110,ON-04HD-08,NA
110,ON-04HD-09,NA
110,ON-04HD-10,NA
110,ON-04HD-11,NA
110,ON-04HD-12,NA
110,ON-04HD-13,NA
110,ON-04HD-14,NA
110,ON-04HD-15,NA
110,ON-04HD-16,NA
110,ON-04HD-17,NA
110,ON-04HD-18,NA
110,ON-04HD-19,NA
110,ON-04HD-20,NA
110,ON-04HD-21,NA
110,ON-04HD-22,NA
110,ON-04HD-23,NA
110,ON-04HD-24,NA
110,ON-04JA-01,NA
110,ON-04JA-02,NA
110,ON-04JA-03,NA
110,ON-04JA-04,NA
110,ON-04JA-05,NA
110,ON-04JA-06,NA
110,ON-04JA-07,NA
110,ON-04JB-01,NA
110,ON-04JB-02,NA
110,ON-04JB-03,NA
110,ON-04JB-04,NA
110,ON-04JB-05,NA
110,ON-04JB-06,NA
110,ON-04JB-07,NA
110,ON-04JB-08,NA
110,ON-04JB-09,NA
110,ON-04JC-01,NA
110,ON-04JC-02,NA
110,ON-04JC-03,NA
110,ON-04JC-04,NA
110,ON-04JC-05,NA
110,ON-04JC-06,NA
110,ON-04JC-07,NA
110,ON-04JC-08,NA
110,ON-04JC-09,NA
110,ON-04JC-10,NA
110,ON-04JC-11,NA
110,ON-04JC-12,NA
110,ON-04JC-13,NA
110,ON-04JC-14,NA
110,ON-04JC-15,NA
110,ON-04JC-16,NA
110,ON-04JC-17,NA
110,ON-04JC-18,NA
110,ON-04JDA01,NA
110,ON-04JDA02,NA
110,ON-04JDA03,NA
110,ON-04JDA04,NA
110,ON-04JDA05,NA
110,ON-04JDA06,NA
110,ON-04JDA07,NA
110,ON-04JDA08,NA
110,ON-04JDB01,NA
110,ON-04JDB02,NA
110,ON-04JDB03,NA
110,ON-04JDB04,NA
110,ON-04JDB05,NA
110,ON-04JDB06,NA
110,ON-04JDB07,NA
110,ON-04JDB08,NA
110,ON-04JDB09,NA
110,ON-04JDB10,NA
110,ON-04JDB11,NA
110,ON-04JDB12,NA
110,ON-04JDB13,NA
110,ON-04JDB14,NA
110,ON-04JDB15,NA
110,ON-04JDB16,NA
110,ON-04JDB17,NA
110,ON-04JDB18,NA
110,ON-04JDB19,NA
110,ON-04JE-01,NA
110,ON-04JE-02,NA
110,ON-04JE-03,NA
110,ON-04JE-04,NA
110,ON-04JE-05,NA
110,ON-04JE-06,NA
110,ON-04JE-07,NA
110,ON-04JE-08,NA
110,ON-04JE-09,NA
110,ON-04JF-01,NA
110,ON-04JF-02,NA
110,ON-04JF-03,NA
110,ON-04JF-04,NA
110,ON-04JF-05,NA
110,ON-04JF-06,NA
110,ON-04JF-07,NA
110,ON-04JF-08,NA
110,ON-04JF-09,NA
110,ON-04JF-10,NA
110,ON-04JF-11,NA
110,ON-04JF-12,NA
110,ON-04JF-13,NA
110,ON-04JF-14,NA
110,ON-04JF-15,NA
110,ON-04JF-16,NA
110,ON-04JF-17,NA
110,ON-04JF-18,NA
110,ON-04JF-19,NA
110,ON-04JG-01,NA
110,ON-04JG-02,NA
110,ON-04JG-03,NA
110,ON-04JG-04,NA
110,ON-04JG-05,NA
110,ON-04JG-06,NA
110,ON-04JG-07,NA
110,ON-04JG-08,NA
110,ON-04JG-09,NA
110,ON-04KA-01,NA
110,ON-04KA-02,NA
110,ON-04KA-03,NA
110,ON-04KA-04,NA
110,ON-04KA-05,NA
110,ON-04KA-06,NA
110,ON-04KA-07,NA
110,ON-04KA-08,NA
110,ON-04KA-09,NA
110,ON-04KBA01,NA
110,ON-04KBA02,NA
110,ON-04KBB01,NA
110,ON-04KBB02,NA
110,ON-04KBB03,NA
110,ON-04KBB04,NA
110,ON-04KBB05,NA
110,ON-04KBB06,NA
110,ON-04KBB07,NA
110,ON-04KBB08,NA
110,ON-04KBB09,NA
110,ON-04KBB10,NA
110,ON-04KBB11,NA
110,ON-04KBB12,NA
110,ON-04KBB13,NA
110,ON-04KBC01,NA
110,ON-04KBC02,NA
110,ON-04KBC03,NA
110,ON-04KBC04,NA
110,ON-04KBC05,NA
110,ON-04KBC06,NA
110,ON-04KBC07,NA
110,ON-04KBC08,NA
110,ON-04KBC09,NA
110,ON-04KBC10,NA
110,ON-04LA-01,NA
110,ON-04LA-02,NA
110,ON-04LA-03,NA
110,ON-04LA-04,NA
110,ON-04LA-05,NA
110,ON-04LA-06,NA
110,ON-04LA-07,NA
110,ON-04LA-08,NA
110,ON-04LA-09,NA
110,ON-04LA-10,NA
110,ON-04LB-01,NA
110,ON-04LB-02,NA
110,ON-04LB-03,NA
110,ON-04LB-04,NA
110,ON-04LB-05,NA
110,ON-04LB-06,NA
110,ON-04LB-07,NA
110,ON-04LB-08,NA
110,ON-04LB-09,NA
110,ON-04LB-10,NA
110,ON-04LB-11,NA
110,ON-04LC-01,NA
110,ON-04LC-02,NA
110,ON-04LC-03,NA
110,ON-04LC-04,NA
110,ON-04LC-05,NA
110,ON-04LC-06,NA
110,ON-04LC-07,NA
110,ON-04LC-08,NA
110,ON-04LC-09,NA
110,ON-04LC-10,NA
110,ON-04LC-11,NA
110,ON-04LC-12,NA
110,ON-04LC-13,NA
110,ON-04LC-14,NA
110,ON-04LC-15,NA
110,ON-04LC-16,NA
110,ON-04LC-17,NA
110,ON-04LC-18,NA
110,ON-04LD-01,NA
110,ON-04LD-02,NA
110,ON-04LD-03,NA
110,ON-04LD-04,NA
110,ON-04LD-05,NA
110,ON-04LD-06,NA
110,ON-04LE-01,NA
110,ON-04LE-02,NA
110,ON-04LE-03,NA
110,ON-04LE-04,NA
110,ON-04LE-05,NA
110,ON-04LE-06,NA
110,ON-04LE-07,NA
110,ON-04LF-01,NA
110,ON-04LF-02,NA
110,ON-04LF-03,NA
110,ON-04LF-04,NA
110,ON-04LF-05,NA
110,ON-04LF-06,NA
110,ON-04LF-07,NA
110,ON-04LF-08,NA
110,ON-04LF-09,NA
110,ON-04LF-10,NA
110,ON-04LF-11,NA
110,ON-04LF-12,NA
110,ON-04LGA01,NA
110,ON-04LGA02,NA
110,ON-04LGA03,NA
110,ON-04LGA04,NA
110,ON-04LGA05,NA
110,ON-04LGB01,NA
110,ON-04LGB02,NA
110,ON-04LH-01,NA
110,ON-04LH-02,NA
110,ON-04LH-03,NA
110,ON-04LH-04,NA
110,ON-04LH-05,NA
110,ON-04LH-06,NA
110,ON-04LH-07,NA
110,ON-04LJ-01,NA
110,ON-04LJ-02,NA
110,ON-04LJ-03,NA
110,ON-04LJ-04,NA
110,ON-04LJ-05,NA
110,ON-04LJ-06,NA
110,ON-04LJ-07,NA
110,ON-04LJ-08,NA
110,ON-04LJ-09,NA
110,ON-04LJ-10,NA
110,ON-04LK-01,NA
110,ON-04LK-02,NA
110,ON-04LK-03,NA
110,ON-04LK-04,NA
110,ON-04LK-05,NA
110,ON-04LK-06,NA
110,ON-04LK-07,NA
110,ON-04LK-08,NA
110,ON-04LK-09,NA
110,ON-04LK-10,NA
110,ON-04LK-11,NA
110,ON-04LK-12,NA
110,ON-04LK-13,NA
110,ON-04LLA01,NA
110,ON-04LLA02,NA
110,ON-04LLA03,NA
110,ON-04LLA04,NA
110,ON-04LLB01,NA
110,ON-04LLB02,NA
110,ON-04LLB03,NA
110,ON-04LLB04,NA
110,ON-04LLB05,NA
110,ON-04LLB06,NA
110,ON-04LLB07,NA
110,ON-04LM-01,NA
110,ON-04LM-02,NA
110,ON-04LM-03,NA
110,ON-04LM-04,NA
110,ON-04MA-01,NA
110,ON-04MA-02,NA
110,ON-04MA-03,NA
110,ON-04MA-04,NA
110,ON-04MA-05,NA
110,ON-04MA-06,NA
117,ON-04MA-07,NA
110,ON-04MA-08,NA
110,ON-04MA-09,NA
110,ON-04MA-10,NA
110,ON-04MA-11,NA
110,ON-04MA-12,NA
110,ON-04MA-13,NA
110,ON-04MA-14,NA
110,ON-04MA-15,NA
110,ON-04MA-16,NA
110,ON-04MB-01,NA
110,ON-04MB-02,NA
110,ON-04MB-03,NA
110,ON-04MB-04,NA
110,ON-04MB-05,NA
110,ON-04MB-06,NA
110,ON-04MC-01,NA
110,ON-04MC-02,NA
110,ON-04MC-03,NA
110,ON-04MC-04,NA
110,ON-04MC-05,NA
110,ON-04MC-06,NA
110,ON-04MC-07,NA
110,ON-04MC-08,NA
110,ON-04MC-09,NA
110,ON-04MC-10,NA
110,ON-04MD-01,NA
110,ON-04MD-02,NA
110,ON-04MD-03,NA
110,ON-04MD-04,NA
110,ON-04MD-05,NA
110,ON-04MD-06,NA
110,ON-04MD-07,NA
110,ON-04MD-08,NA
110,ON-04MD-09,NA
110,ON-04MEA01,NA
110,ON-04MEA02,NA
110,ON-04MEA03,NA
110,ON-04MEA04,NA
110,ON-04MEA05,NA
110,ON-04MEA06,NA
110,ON-04MEB01,NA
110,ON-04MEB02,NA
110,ON-04MEB03,NA
110,ON-04MEB04,NA
110,ON-04MEB05,NA
110,ON-04MEB06,NA
110,ON-04MEB07,NA
110,ON-04MEB08,NA
110,ON-04MEB09,NA
110,ON-04MEB10,NA
110,ON-04MEB11,NA
110,ON-04MEB12,NA
110,ON-04MEB13,NA
110,ON-04MEB14,NA
110,ON-04NA-01,NA
110,ON-04NA-02,NA
110,ON-04NA-03,NA
110,ON-04NA-04,NA
110,ON-04NA-05,NA
110,ON-04NA-06,NA
110,ON-04NA-07,NA
110,ON-04NA-08,NA
110,ON-04NA-09,NA
110,ON-04NA-10,NA
110,ON-04NA-11,NA
110,ON-04NA-12,NA
110,ON-04NA-13,NA
110,ON-04NA-14,NA
110,ON-04NA-15,NA
110,ON-04NA-16,NA
110,ON-04NA-17,NA
110,ON-04NA-18,NA
110,ON-04NA-19,NA
110,ON-04NB-01,NA
110,ON-04NB-02,NA
110,ON-04NB-03,NA
110,ON-04NB-04,NA
110,ON-04NB-05,NA
110,ON-04NB-06,NA
110,ON-04NB-07,NA
110,ON-04NB-08,NA
110,ON-04NB-09,NA
110,ON-04NB-10,NA
110,ON-04NB-11,NA
110,ON-04NB-12,NA
110,ON-04NB-13,NA
110,ON-04NB-14,NA
110,ON-04NB-15,NA
110,ON-04NB-16,NA
110,ON-04NB-17,NA
110,ON-04NB-18,NA
110,ON-04NB-19,NA
110,ON-04NB-20,NA
110,ON-04NB-21,NA
110,ON-04NB-22,NA
110,ON-04NB-23,NA
110,ON-04NCA01,NA
110,ON-04NCA02,NA
110,ON-04NCA03,NA
110,ON-04NCB01,NA
110,ON-04NCB02,NA
110,ON-04NCB03,NA
110,ON-04NCB04,NA
110,ON-04NCB05,NA
110,ON-04NCB06,NA
110,ON-04NCB07,NA
110,ON-04NCB08,NA
110,ON-04NCB09,NA
110,ON-04NCB10,NA
110,ON-04NCB11,NA
110,ON-04NCB12,NA
110,ON-04NCB13,NA
110,ON-04NCB14,NA
110,ON-04NCB15,NA
110,ON-04NCB16,NA
110,ON-04NCB17,NA
110,ON-04NCB18,NA
110,ON-04NCB19,NA
110,ON-04NCB20,NA
110,ON-04NCB21,NA
110,ON-04NCC01,NA
110,ON-04NCC02,NA
110,ON-04NCC03,NA
110,ON-04NCC04,NA
110,ON-04NCC05,NA
110,ON-04NCC06,NA
110,ON-04NCC07,NA
110,ON-04NCC08,NA
110,ON-04NCC09,NA
109,ON-05PAB01,NA
109,ON-05PAB02,NA
109,ON-05PAB03,NA
109,ON-05PAB04,NA
109,ON-05PAB05,NA
109,ON-05PAB06,NA
109,ON-05PAB07,NA
109,ON-05PAB08,NA
109,ON-05PAB09,NA
109,ON-05PAB10,NA
109,ON-05PAB11,NA
109,ON-05PAB12,NA
109,ON-05PAB13,NA
109,ON-05PAB14,NA
109,ON-05PAB15,NA
109,ON-05PAB16,NA
109,ON-05PAB17,NA
109,ON-05PAB18,NA
109,ON-05PAB19,NA
109,ON-05PAB20,NA
109,ON-05PAB21,NA
109,ON-05PAB22,NA
109,ON-05PAB23,NA
109,ON-05PAB24,NA
109,ON-05PAB25,NA
109,ON-05PAB26,NA
109,ON-05PBA01,NA
109,ON-05PBA02,NA
109,ON-05PBA03,NA
109,ON-05PBA04,NA
109,ON-05PBA05,NA
109,ON-05PBA06,NA
109,ON-05PBA07,NA
109,ON-05PBA08,NA
109,ON-05PBA09,NA
109,ON-05PBA10,NA
109,ON-05PBA11,NA
109,ON-05PBA12,NA
109,ON-05PBB01,NA
109,ON-05PBB02,NA
109,ON-05PBB03,NA
109,ON-05PBB04,NA
109,ON-05PBB05,NA
109,ON-05PBB06,NA
109,ON-05PBB07,NA
109,ON-05PBB08,NA
109,ON-05PBB09,NA
109,ON-05PBB10,NA
109,ON-05PBB11,NA
109,ON-05PBB12,NA
109,ON-05PBB13,NA
109,ON-05PBB14,NA
109,ON-05PBB15,NA
109,ON-05PBB16,NA
109,ON-05PBB17,NA
109,ON-05PBB18,NA
109,ON-05PCD01,NA
109,ON-05PCD02,NA
109,ON-05PCD03,NA
109,ON-05PCD04,NA
109,ON-05PCD05,NA
109,ON-05PCD06,NA
109,ON-05PCD07,NA
109,ON-05PDA01,NA
109,ON-05PDA02,NA
109,ON-05PDA03,NA
109,ON-05PDA04,NA
109,ON-05PDA05,NA
109,ON-05PDA06,NA
109,ON-05PDA07,NA
109,ON-05PDA08,NA
109,ON-05PDA09,NA
109,ON-05PDA10,NA
109,ON-05PDA11,NA
109,ON-05PDA12,NA
109,ON-05PDA13,NA
109,ON-05PDA14,NA
109,ON-05PDB01,NA
109,ON-05PDB02,NA
109,ON-05PE-01,NA
109,ON-05PE-02,NA
109,ON-05PE-03,NA
109,ON-05PE-04,NA
109,ON-05PE-05,NA
109,ON-05PE-06,NA
109,ON-05PF-10,NA
109,ON-05PF-11,NA
109,ON-05PG-02,NA
109,ON-05PG-03,NA
109,ON-05PG-06,NA
109,ON-05PJ-01,NA
109,ON-05PJ-02,NA
109,ON-05QA-01,NA
109,ON-05QA-02,NA
109,ON-05QA-03,NA
109,ON-05QA-04,NA
109,ON-05QA-05,NA
109,ON-05QA-06,NA
109,ON-05QA-07,NA
109,ON-05QA-08,NA
109,ON-05QA-09,NA
109,ON-05QA-10,NA
109,ON-05QA-11,NA
109,ON-05QA-12,NA
109,ON-05QA-13,NA
110,ON-05QA-14,NA
109,ON-05QA-15,NA
109,ON-05QA-16,NA
109,ON-05QA-17,NA
109,ON-05QA-18,NA
109,ON-05QA-19,NA
109,ON-05QA-20,NA
109,ON-05QA-21,NA
109,ON-05QA-22,NA
109,ON-05QB-01,NA
109,ON-05QB-02,NA
109,ON-05QB-03,NA
109,ON-05QB-04,NA
109,ON-05QB-05,NA
109,ON-05QB-06,NA
109,ON-05QB-07,NA
109,ON-05QB-08,NA
109,ON-05QB-09,NA
109,ON-05QB-10,NA
109,ON-05QB-11,NA
109,ON-05QB-12,NA
109,ON-05QB-13,NA
109,ON-05QB-14,NA
109,ON-05QB-15,NA
109,ON-05QB-16,NA
109,ON-05QB-17,NA
109,ON-05QB-18,NA
109,ON-05QB-19,NA
109,ON-05QB-20,NA
109,ON-05QB-21,NA
109,ON-05QC-01,NA
109,ON-05QC-02,NA
109,ON-05QC-03,NA
109,ON-05QC-04,NA
109,ON-05QC-05,NA
109,ON-05QC-06,NA
109,ON-05QC-07,NA
109,ON-05QC-08,NA
109,ON-05QC-09,NA
109,ON-05QC-10,NA
109,ON-05QC-11,NA
109,ON-05QC-12,NA
109,ON-05QD-01,NA
109,ON-05QD-02,NA
109,ON-05QD-03,NA
109,ON-05QD-04,NA
109,ON-05QD-05,NA
109,ON-05QD-06,NA
109,ON-05QD-07,NA
109,ON-05QD-08,NA
109,ON-05QD-09,NA
109,ON-05QD-10,NA
109,ON-05QD-11,NA
109,ON-05QD-12,NA
109,ON-05QD-13,NA
109,ON-05QD-14,NA
109,ON-05QE-01,NA
109,ON-05QE-02,NA
109,ON-05QE-03,NA
109,ON-05QE-04,NA
109,ON-05QE-05,NA
109,ON-05QE-06,NA
109,ON-05QE-07,NA
109,ON-05QE-08,NA
109,ON-05QE-09,NA
109,ON-05QE-10,NA
109,ON-05QE-11,NA
109,ON-05QE-12,NA
109,ON-05QE-13,NA
109,ON-05QE-14,NA
109,ON-05RA-01,NA
109,ON-05RA-02,NA
109,ON-05RA-03,NA
109,ON-05RA-04,NA
109,ON-05RB-01,NA
109,ON-05RB-02,NA
109,ON-05RB-03,NA
109,ON-05RB-04,NA
109,ON-05RB-05,NA
109,ON-05RB-06,NA
109,ON-05RB-07,NA
109,ON-05RB-08,NA
109,ON-05RB-09,NA
109,ON-05RB-10,NA
109,ON-05RC-01,NA
109,ON-05RC-02,NA
109,ON-05RC-03,NA
109,ON-05RC-04,NA
109,ON-05RC-05,NA
109,ON-05RC-06,NA
109,ON-05RC-07,NA
109,ON-05RC-08,NA
109,ON-05RC-09,NA
109,ON-05RC-10,NA
109,ON-05RC-11,NA
109,ON-05RC-12,NA
109,ON-05RC-13,NA
109,ON-05RC-14,NA
109,ON-05RC-15,NA
109,ON-05RC-16,NA
109,ON-05RC-17,NA
109,ON-05RC-18,NA
109,ON-05RC-19,NA
109,ON-05RC-20,NA
109,ON-05RC-21,NA
109,ON-05RC-22,NA
109,ON-05RC-23,NA
109,ON-05RC-24,NA
109,ON-05RC-25,NA
109,ON-05RC-26,NA
109,ON-05RD-01,NA
109,ON-05RD-02,NA
109,ON-05RD-03,NA
109,ON-05RE-01,NA
109,ON-05RE-02,NA
109,ON-05RE-03,NA
109,ON-05RE-04,NA
116,NA,201
118,NA,01AA
118,NA,01AB
118,NA,01AD
118,NA,01AF
118,NA,01AG
118,NA,01AH
118,NA,01AJ
118,NA,01AK
118,NA,01AL
118,NA,01AM
118,NA,01AN
118,NA,01AO
118,NA,01AP
118,NA,01AQ
118,NA,01AR
118,NA,01BA
118,NA,01BB
118,NA,01BC
118,NA,01BD
118,NA,01BE
118,NA,01BF
118,NA,01BG
118,NA,01BH
118,NA,01BJ
118,NA,01BK
118,NA,01BL
118,NA,01BM
118,NA,01BN
118,NA,01BO
118,NA,01BP
118,NA,01BQ
118,NA,01BR
118,NA,01BS
118,NA,01BT
118,NA,01BU
118,NA,01BV
115,NA,01CA
115,NA,01CB
115,NA,01CC
115,NA,01CD
115,NA,01CE
119,NA,01DA
119,NA,01DB
119,NA,01DC
119,NA,01DD
119,NA,01DE
119,NA,01DF
119,NA,01DG
119,NA,01DH
119,NA,01DJ
119,NA,01DK
119,NA,01DL
119,NA,01DM
119,NA,01DN
119,NA,01DO
119,NA,01DP
119,NA,01DQ
119,NA,01DR
119,NA,01DS
119,NA,01EA
119,NA,01EB
119,NA,01EC
119,NA,01ED
119,NA,01EE
119,NA,01EF
119,NA,01EG
119,NA,01EH
119,NA,01EJ
119,NA,01EK
119,NA,01EL
119,NA,01EM
119,NA,01EN
119,NA,01EO
119,NA,01EP
119,NA,01EQ
119,NA,01ER
119,NA,01FA
119,NA,01FB
119,NA,01FC
119,NA,01FD
119,NA,01FE
119,NA,01FF
119,NA,01FG
119,NA,01FH
119,NA,01FJ
116,NA,201
116,NA,203
116,NA,207
116,NA,209
117,NA,210
116,NA,02AA
116,NA,02AB
116,NA,02AC
116,NA,02AD
116,NA,02AE
116,NA,02BA
116,NA,02BB
116,NA,02BC
116,NA,02BD
116,NA,02BE
116,NA,02BF
116,NA,02CA
116,NA,02CB
116,NA,02CC
116,NA,02CD
116,NA,02CE
116,NA,02CF
116,NA,02CH
116,NA,02DA
116,NA,02DB
116,NA,02DC
116,NA,02DD
116,NA,02EA
116,NA,02EB
116,NA,02EC
116,NA,02ED
116,NA,02FA
116,NA,02FB
116,NA,02FC
116,NA,02FD
116,NA,02FE
116,NA,02FF
116,NA,02GA
116,NA,02GB
116,NA,02GC
116,NA,02GD
116,NA,02GE
116,NA,02GF
116,NA,02GG
116,NA,02GH
116,NA,02HA
116,NA,02HB
116,NA,02HC
116,NA,02HD
116,NA,02HF
116,NA,02HG
116,NA,02HH
116,NA,02HJ
116,NA,02HK
116,NA,02HL
116,NA,02HM
117,NA,02JA
117,NA,02JB
117,NA,02JC
117,NA,02JD
117,NA,02JE
117,NA,02KA
117,NA,02KB
117,NA,02KC
117,NA,02KD
117,NA,02KE
117,NA,02KF
117,NA,02KG
117,NA,02KH
117,NA,02KJ
117,NA,02LA
117,NA,02LB
117,NA,02LC
117,NA,02LD
117,NA,02LE
117,NA,02LF
117,NA,02LG
117,NA,02LH
116,NA,02MA
117,NA,02MC
117,NA,02NA
117,NA,02NB
117,NA,02NC
117,NA,02ND
117,NA,02NE
117,NA,02NF
117,NA,02NG
117,NA,02OA
117,NA,02OB
117,NA,02OC
117,NA,02OD
117,NA,02OE
117,NA,02OF
117,NA,02OG
117,NA,02OH
117,NA,02OJ
117,NA,02PA
117,NA,02PB
117,NA,02PC
117,NA,02PD
117,NA,02PE
117,NA,02PF
117,NA,02PG
117,NA,02PH
117,NA,02PJ
117,NA,02PK
117,NA,02PL
118,NA,02QA
118,NA,02QB
118,NA,02QC
117,NA,02RA
117,NA,02RB
117,NA,02RC
117,NA,02RD
117,NA,02RE
117,NA,02RF
117,NA,02RG
117,NA,02RH
114,NA,02SA
114,NA,02SB
114,NA,02SC
114,NA,02TA
114,NA,02TB
114,NA,02TC
114,NA,02TD
114,NA,02TE
114,NA,02UA
114,NA,02UB
114,NA,02UC
114,NA,02VA
114,NA,02VB
114,NA,02VC
114,NA,02WA
114,NA,02WB
114,NA,02WC
115,NA,02WD
115,NA,02WE
114,NA,02XA
114,NA,02XB
114,NA,02XC
114,NA,02XD
115,NA,02YA
115,NA,02YB
115,NA,02YC
115,NA,02YD
115,NA,02YE
115,NA,02YF
115,NA,02YG
115,NA,02YH
115,NA,02YJ
115,NA,02YK
115,NA,02YL
115,NA,02YM
115,NA,02YN
115,NA,02YO
115,NA,02YP
115,NA,02YQ
115,NA,02YR
115,NA,02YS
115,NA,02ZA
115,NA,02ZB
115,NA,02ZC
115,NA,02ZD
115,NA,02ZE
115,NA,02ZF
115,NA,02ZG
115,NA,02ZH
115,NA,02ZJ
115,NA,02ZK
115,NA,02ZL
115,NA,02ZM
115,NA,02ZN
110,NA,03AA
110,NA,03AB
110,NA,03AC
110,NA,03AD
113,NA,03BA
113,NA,03BB
113,NA,03BC
113,NA,03BD
113,NA,03BE
113,NA,03BF
113,NA,03BG
113,NA,03CA
113,NA,03CB
113,NA,03CC
113,NA,03CD
113,NA,03CE
113,NA,03DA
113,NA,03DB
113,NA,03DC
113,NA,03DD
113,NA,03DE
113,NA,03DF
113,NA,03DG
113,NA,03DH
113,NA,03EA
113,NA,03EB
113,NA,03EC
113,NA,03ED
113,NA,03EE
113,NA,03EF
113,NA,03FA
113,NA,03FB
113,NA,03FC
113,NA,03GA
113,NA,03GB
113,NA,03GC
113,NA,03GD
113,NA,03GE
113,NA,03HA
113,NA,03HB
113,NA,03HC
113,NA,03JA
113,NA,03JB
113,NA,03JC
113,NA,03JD
113,NA,03KA
113,NA,03KB
113,NA,03KC
113,NA,03KD
113,NA,03KE
113,NA,03LA
113,NA,03LB
113,NA,03LC
113,NA,03LD
113,NA,03LE
113,NA,03LF
113,NA,03MA
113,NA,03MB
113,NA,03MC
113,NA,03MD
113,NA,03ME
113,NA,03MF
113,NA,03NA
113,NA,03NB
113,NA,03NC
113,NA,03ND
113,NA,03NE
113,NA,03NF
113,NA,03NG
113,NA,03NH
113,NA,03OA
113,NA,03OB
113,NA,03OC
113,NA,03OD
113,NA,03OE
113,NA,03PA
113,NA,03PB
113,NA,03PC
113,NA,03PD
113,NA,03PE
113,NA,03QA
113,NA,03QB
110,NA,04AA
110,NA,04AB
110,NA,04AC
110,NA,04AD
110,NA,04AE
110,NA,04AF
110,NA,04BA
110,NA,04BB
110,NA,04BC
110,NA,04CA
110,NA,04CB
110,NA,04CC
110,NA,04CD
110,NA,04CE
110,NA,04CF
110,NA,04DA
110,NA,04DB
110,NA,04DC
110,NA,04DD
110,NA,04EA
110,NA,04EB
110,NA,04EC
110,NA,04ED
110,NA,04FA
110,NA,04FB
110,NA,04FC
110,NA,04GA
110,NA,04GB
110,NA,04GC
110,NA,04GD
110,NA,04GE
110,NA,04GF
110,NA,04HA
110,NA,04HB
110,NA,04HC
110,NA,04HD
110,NA,04JA
110,NA,04JB
110,NA,04JC
110,NA,04JD
110,NA,04JE
110,NA,04JF
110,NA,04JG
110,NA,04KA
110,NA,04KB
110,NA,04LA
110,NA,04LB
110,NA,04LC
110,NA,04LD
110,NA,04LE
110,NA,04LF
110,NA,04LG
110,NA,04LH
110,NA,04LJ
110,NA,04LK
110,NA,04LL
110,NA,04LM
110,NA,04MA
110,NA,04MB
110,NA,04MC
110,NA,04MD
110,NA,04ME
110,NA,04NA
110,NA,04NB
110,NA,04NC
109,NA,501
107,NA,05AA
107,NA,05AB
107,NA,05AC
107,NA,05AD
107,NA,05AE
107,NA,05AF
107,NA,05AG
107,NA,05AH
107,NA,05AJ
107,NA,05AK
107,NA,05BA
107,NA,05BB
107,NA,05BC
107,NA,05BD
107,NA,05BE
107,NA,05BF
107,NA,05BG
107,NA,05BH
107,NA,05BJ
107,NA,05BK
107,NA,05BL
107,NA,05BM
107,NA,05BN
107,NA,05CA
107,NA,05CB
107,NA,05CC
107,NA,05CD
107,NA,05CE
107,NA,05CF
107,NA,05CG
107,NA,05CH
107,NA,05CJ
107,NA,05CK
107,NA,05DA
107,NA,05DB
107,NA,05DC
107,NA,05DD
107,NA,05DE
107,NA,05DF
107,NA,05EA
107,NA,05EB
107,NA,05EC
107,NA,05ED
107,NA,05EE
107,NA,05EF
107,NA,05EG
107,NA,05FA
107,NA,05FB
107,NA,05FC
107,NA,05FD
107,NA,05FE
107,NA,05FF
108,NA,05GA
108,NA,05GB
108,NA,05GC
108,NA,05GD
108,NA,05GE
108,NA,05GF
108,NA,05GG
108,NA,05HA
108,NA,05HB
108,NA,05HC
108,NA,05HD
108,NA,05HE
108,NA,05HF
108,NA,05HG
108,NA,05HH
108,NA,05JA
108,NA,05JB
108,NA,05JC
108,NA,05JD
108,NA,05JE
108,NA,05JF
108,NA,05JG
108,NA,05JH
108,NA,05JJ
108,NA,05JK
108,NA,05JL
108,NA,05JM
109,NA,05KA
109,NA,05KB
109,NA,05KC
109,NA,05KD
109,NA,05KE
109,NA,05KF
109,NA,05KG
109,NA,05KH
109,NA,05KJ
109,NA,05KK
109,NA,05KL
109,NA,05L0
109,NA,05L1
109,NA,05LA
109,NA,05LB
109,NA,05LC
109,NA,05LD
109,NA,05LE
109,NA,05LF
109,NA,05LG
109,NA,05LH
109,NA,05LJ
109,NA,05LK
109,NA,05LL
109,NA,05LM
109,NA,05LN
109,NA,05MA
109,NA,05MB
109,NA,05MC
109,NA,05MD
109,NA,05ME
109,NA,05MF
109,NA,05MG
109,NA,05MH
109,NA,05MJ
109,NA,05NA
109,NA,05NB
109,NA,05NC
109,NA,05ND
109,NA,05NE
109,NA,05NF
109,NA,05NG
109,NA,05OA
109,NA,05OB
109,NA,05OC
109,NA,05OD
109,NA,05OE
109,NA,05OF
109,NA,05OG
109,NA,05OH
109,NA,05OJ
109,NA,05PA
109,NA,05PB
109,NA,05PC
109,NA,05PD
109,NA,05PE
109,NA,05PF
109,NA,05PG
109,NA,05PH
109,NA,05PJ
109,NA,05QA
109,NA,05QB
109,NA,05QC
109,NA,05QD
109,NA,05QE
109,NA,05RA
109,NA,05RB
109,NA,05RC
109,NA,05RD
109,NA,05RE
109,NA,05RF
109,NA,05SA
109,NA,05SB
109,NA,05SC
109,NA,05SD
109,NA,05SE
109,NA,05SF
109,NA,05SG
109,NA,05SH
110,NA,05TA
110,NA,05TB
110,NA,05TC
110,NA,05TD
110,NA,05TE
110,NA,05TF
110,NA,05TG
110,NA,05UA
110,NA,05UB
110,NA,05UC
110,NA,05UD
110,NA,05UE
110,NA,05UF
110,NA,05UG
110,NA,05UH
108,NA,06AA
108,NA,06AB
108,NA,06AC
108,NA,06AD
108,NA,06AE
108,NA,06AF
108,NA,06AG
108,NA,06BA
108,NA,06BB
108,NA,06BC
108,NA,06BD
108,NA,06CA
108,NA,06CB
108,NA,06CC
108,NA,06CD
108,NA,06CE
111,NA,06DA
111,NA,06DB
111,NA,06DC
111,NA,06DD
110,NA,06EA
110,NA,06EB
110,NA,06EC
110,NA,06FA
110,NA,06FB
110,NA,06FC
110,NA,06FD
110,NA,06FE
111,NA,06GA
111,NA,06GB
111,NA,06GC
111,NA,06GD
111,NA,06GE
111,NA,06HA
111,NA,06HB
111,NA,06HC
111,NA,06HD
111,NA,06HE
111,NA,06JA
111,NA,06JB
111,NA,06JC
111,NA,06JD
111,NA,06KA
111,NA,06KB
111,NA,06KC
111,NA,06LA
111,NA,06LB
111,NA,06LC
111,NA,06MA
111,NA,06MB
111,NA,06MC
111,NA,06NA
111,NA,06NB
111,NA,06NC
111,NA,06OA
111,NA,06OB
111,NA,06PA
111,NA,06QA
111,NA,06RA
111,NA,06RB
111,NA,06RC
112,NA,06SA
112,NA,06SB
112,NA,06SC
112,NA,06SD
112,NA,06SE
112,NA,06TA
111,NA,06TB
105,NA,701
104,NA,710
104,NA,07AA
104,NA,07AB
104,NA,07AC
104,NA,07AD
104,NA,07AE
104,NA,07AF
104,NA,07AG
104,NA,07AH
104,NA,07B0
104,NA,07BA
104,NA,07BB
104,NA,07BC
104,NA,07BD
104,NA,07BE
104,NA,07BF
104,NA,07BG
104,NA,07BH
104,NA,07BJ
104,NA,07BK
104,NA,07CA
104,NA,07CB
104,NA,07CC
104,NA,07CD
104,NA,07CE
104,NA,07DA
104,NA,07DB
104,NA,07DC
104,NA,07DD
104,NA,07EA
104,NA,07EB
104,NA,07EC
104,NA,07ED
104,NA,07EE
104,NA,07EF
104,NA,07FA
104,NA,07FB
104,NA,07FC
104,NA,07FD
104,NA,07GA
104,NA,07GB
104,NA,07GC
104,NA,07GD
104,NA,07GE
104,NA,07GF
104,NA,07GG
104,NA,07GH
104,NA,07GJ
104,NA,07HA
104,NA,07HB
104,NA,07HC
104,NA,07HD
104,NA,07HE
104,NA,07HF
104,NA,07JA
104,NA,07JB
104,NA,07JC
104,NA,07JD
104,NA,07JE
104,NA,07JF
104,NA,07KA
104,NA,07KB
104,NA,07KC
104,NA,07KD
104,NA,07KE
104,NA,07KF
105,NA,07LA
105,NA,07LB
105,NA,07LC
105,NA,07LD
105,NA,07LE
104,NA,07MA
104,NA,07MB
104,NA,07MC
104,NA,07MD
104,NA,07NA
104,NA,07NB
104,NA,07NC
104,NA,07OA
104,NA,07OB
104,NA,07OC
104,NA,07PA
104,NA,07PB
104,NA,07PC
105,NA,07QA
105,NA,07QB
105,NA,07QC
105,NA,07QD
105,NA,07RA
105,NA,07RB
105,NA,07RC
105,NA,07RD
105,NA,07SA
105,NA,07SB
105,NA,07SC
105,NA,07TA
105,NA,07TB
105,NA,07UA
105,NA,07UB
105,NA,07UC
103,NA,08AA
103,NA,08AB
103,NA,08AC
103,NA,08AD
103,NA,08BA
103,NA,08BB
103,NA,08BC
103,NA,08BD
103,NA,08BE
103,NA,08BF
103,NA,08CA
103,NA,08CB
103,NA,08CC
103,NA,08CD
103,NA,08CE
103,NA,08CF
103,NA,08CG
103,NA,08DA
103,NA,08DB
103,NA,08DD
103,NA,08EA
103,NA,08EB
103,NA,08EC
103,NA,08ED
103,NA,08EE
103,NA,08EF
103,NA,08EG
103,NA,08FA
103,NA,08FB
103,NA,08FC
103,NA,08FD
103,NA,08FE
103,NA,08FF
103,NA,08FG
103,NA,08GA
103,NA,08GB
103,NA,08GC
103,NA,08GD
103,NA,08GE
103,NA,08GF
103,NA,08HA
103,NA,08HB
103,NA,08HC
103,NA,08HD
103,NA,08HE
103,NA,08HF
103,NA,08JA
103,NA,08JB
103,NA,08JC
103,NA,08JD
103,NA,08JE
103,NA,08KA
103,NA,08KB
103,NA,08KC
103,NA,08KD
103,NA,08KE
103,NA,08KF
103,NA,08KG
103,NA,08KH
103,NA,08LA
103,NA,08LB
103,NA,08LC
103,NA,08LD
103,NA,08LE
103,NA,08LF
103,NA,08LG
103,NA,08MA
103,NA,08MB
103,NA,08MC
103,NA,08MD
103,NA,08ME
103,NA,08MF
103,NA,08MG
103,NA,08MH
120,NA,08NA
120,NA,08NB
120,NA,08NC
120,NA,08ND
120,NA,08NE
120,NA,08NF
120,NA,08NG
120,NA,08NH
120,NA,08NJ
120,NA,08NK
120,NA,08NL
120,NA,08NM
120,NA,08NN
120,NA,08NP
103,NA,08OA
103,NA,08OB
103,NA,08PA
102,NA,09AA
102,NA,09AB
102,NA,09AC
102,NA,09AD
102,NA,09AE
102,NA,09AF
102,NA,09AG
102,NA,09AH
102,NA,09BA
102,NA,09BB
102,NA,09BC
102,NA,09CA
102,NA,09CB
102,NA,09CC
102,NA,09CD
102,NA,09DA
102,NA,09DB
102,NA,09DC
102,NA,09DD
102,NA,09EA
102,NA,09EB
102,NA,09EC
102,NA,09ED
102,NA,09FA
102,NA,09FB
102,NA,09FC
102,NA,09FD
102,NA,09FE
102,NA,09HA
103,NA,09MA
105,NA,1001
105,NA,10AA
105,NA,10AB
105,NA,10AC
105,NA,10AD
105,NA,10BA
105,NA,10BB
105,NA,10BC
105,NA,10BD
105,NA,10BE
105,NA,10CA
105,NA,10CB
105,NA,10CC
105,NA,10CD
105,NA,10CE
105,NA,10CF
105,NA,10DA
105,NA,10DB
105,NA,10EA
105,NA,10EB
105,NA,10EC
105,NA,10ED
105,NA,10FA
105,NA,10FB
105,NA,10FC
105,NA,10GA
105,NA,10GB
105,NA,10GC
105,NA,10GD
105,NA,10HA
105,NA,10HB
105,NA,10HC
106,NA,10J1
106,NA,10JA
106,NA,10JB
106,NA,10JC
106,NA,10JD
106,NA,10JE
105,NA,10KA
105,NA,10KB
105,NA,10KC
105,NA,10KD
105,NA,10LA
105,NA,10LB
105,NA,10LC
105,NA,10LD
105,NA,10MA
105,NA,10MB
105,NA,10MC
102,NA,10MD
105,NA,10NA
105,NA,10NB
105,NA,10NC
105,NA,10ND
106,NA,10NE
106,NA,10OA
106,NA,10OB
106,NA,10OC
106,NA,10PA
106,NA,10PB
106,NA,10PC
106,NA,10QA
106,NA,10QB
106,NA,10QC
106,NA,10QD
106,NA,10QE
106,NA,10QF
106,NA,10RA
106,NA,10RB
106,NA,10RC
111,NA,10RD
111,NA,10SA
111,NA,10SB
111,NA,10SC
111,NA,10SD
111,NA,10SE
112,NA,10TA
112,NA,10TB
112,NA,10TC
112,NA,10TD
112,NA,10TE
112,NA,10TF
112,NA,10TG
112,NA,10TH
112,NA,10TJ
112,NA,10TK
112,NA,10TL
112,NA,10TM
112,NA,10TN
112,NA,10UA
112,NA,10UB
112,NA,10UC
112,NA,10UD
112,NA,10UE
112,NA,10UF
112,NA,10UG
112,NA,10UH
112,NA,10VA
112,NA,10VB
112,NA,10VC
112,NA,10VD
112,NA,10VE
112,NA,10VF
112,NA,10VG
112,NA,10VH
112,NA,10VJ
112,NA,10VK
112,NA,10VL
112,NA,10VM
142,NA,11AA
142,NA,11AB
142,NA,11AC
142,NA,11AD
142,NA,11AE
142,NA,11AF
103,BC_202,NA
